"","OBJECTID","FID","COUNT","AREA","MEAN"
"1",1,0,49,192099600,0.099787507282228
"2",2,1,64,250905600,0.095303289592266
"3",3,2,56,219542400,0.099171264629279
"4",4,3,56,219542400,0.109568647907249
"5",5,4,49,192099600,0.104670898646724
"6",6,5,56,219542400,0.101553103886545
"7",7,6,49,192099600,0.103999992414397
"8",8,7,64,250905600,0.120864806463942
"9",9,8,64,250905600,0.115437632077374
"10",10,9,56,219542400,0.110843608022801
"11",11,10,64,250905600,0.109718358260579
"12",12,11,56,219542400,0.110740154981613
"13",13,12,56,219542400,0.116091940019812
"14",14,13,64,250905600,0.117315542884171
"15",15,14,64,250905600,0.11544149031397
"16",16,15,56,219542400,0.114118732911135
"17",17,16,64,250905600,0.113295207847841
"18",18,17,56,219542400,0.113700524770788
"19",19,18,56,219542400,0.117556400863188
"20",20,19,49,192099600,0.117008203450514
"21",21,20,56,219542400,0.11556066373097
"22",22,21,56,219542400,0.115078150560813
"23",23,22,49,192099600,0.115663475376003
"24",24,23,56,219542400,0.114306240741696
"25",25,24,49,192099600,0.113558117680404
"26",26,25,56,219542400,0.111261639078813
"27",27,26,64,250905600,0.123450044426136
"28",28,27,56,219542400,0.11921739511724
"29",29,28,64,250905600,0.115377503097989
"30",30,29,64,250905600,0.11445401457604
"31",31,30,56,219542400,0.114630045901452
"32",32,31,64,250905600,0.114393296884373
"33",33,32,56,219542400,0.114496419738446
"34",34,33,49,192099600,0.101368515010999
"35",35,34,56,219542400,0.103293129908187
"36",36,35,49,192099600,0.110286928409216
"37",37,36,56,219542400,0.11727159563452
"38",38,37,49,192099600,0.116280767230355
"39",39,38,56,219542400,0.114294673316181
"40",40,39,56,219542400,0.113561904456999
"41",41,40,49,192099600,0.113639887042192
"42",42,41,56,219542400,0.114518034671034
"43",43,42,49,192099600,0.11568815626052
"44",44,43,56,219542400,0.108134397039456
"45",45,44,64,250905600,0.111479251179844
"46",46,45,56,219542400,0.11229150077062
"47",47,46,64,250905600,0.112300515407696
"48",48,47,64,250905600,0.112424883758649
"49",49,48,56,219542400,0.112691881800336
"50",50,49,64,250905600,0.113273706287146
"51",51,50,56,219542400,0.11388545815966
"52",52,51,49,192099600,0.111319650344703
"53",53,52,56,219542400,0.111094837076962
"54",54,53,49,192099600,0.11069949229761
"55",55,54,56,219542400,0.109181188579117
"56",56,55,64,250905600,0.097401418490335
"57",57,56,56,219542400,0.10046553252531
"58",58,57,64,250905600,0.103746966924518
"59",59,58,56,219542400,0.095130733879549
"60",60,59,56,219542400,0.096829896792769
"61",61,60,49,192099600,0.097403883173758
"62",62,61,56,219542400,0.100952399894595
"63",63,62,49,192099600,0.105969519639502
"64",64,63,56,219542400,0.109147260497723
"65",65,64,49,192099600,0.110221316619795
"66",66,65,56,219542400,0.110681295394897
"67",67,66,56,219542400,0.111080459452101
"68",68,67,56,219542400,0.095410615737949
"69",69,68,64,250905600,0.096844324027188
"70",70,69,64,250905600,0.096007080515847
"71",71,70,56,219542400,0.094619737671954
"72",72,71,64,250905600,0.09844949352555
"73",73,72,56,219542400,0.104732269288174
"74",74,73,64,250905600,0.108703488018364
"75",75,74,56,219542400,0.109928446688822
"76",76,75,64,250905600,0.11004904739093
"77",77,76,64,250905600,0.110372033668682
"78",78,77,56,219542400,0.110407965257764
"79",79,78,64,250905600,0.109807464992628
"80",80,79,64,250905600,0.07979979517404
"81",81,80,56,219542400,0.083125982566604
"82",82,81,64,250905600,0.086804175982252
"83",83,82,56,219542400,0.088395823059337
"84",84,83,64,250905600,0.089469671715051
"85",85,84,56,219542400,0.090090636030904
"86",86,85,64,250905600,0.085533320088871
"87",87,86,64,250905600,0.086883727344684
"88",88,87,56,219542400,0.088312946259975
"89",89,88,64,250905600,0.088105057249777
"90",90,89,56,219542400,0.087474500893482
"91",91,90,64,250905600,0.086989631876349
"92",92,91,56,219542400,0.083115782721766
"93",93,92,49,192099600,0.085785227162497
"94",94,93,56,219542400,0.087929455031242
"95",95,94,49,192099600,0.088630650268525
"96",96,95,56,219542400,0.08947068253266
"97",97,96,49,192099600,0.089656707279536
"98",98,97,56,219542400,0.088173414580524
"99",99,98,56,219542400,0.088555629764284
"100",100,99,49,192099600,0.089214578270912
"101",101,100,56,219542400,0.088170519896916
"102",102,101,64,250905600,0.08633539674338
"103",103,102,56,219542400,0.087724605442158
"104",104,103,64,250905600,0.088698653737083
"105",105,104,56,219542400,0.088356583911393
"106",106,105,64,250905600,0.089863282977603
"107",107,106,56,219542400,0.091722201156829
"108",108,107,64,250905600,0.091232367325574
"109",109,108,64,250905600,0.090815363219008
"110",110,109,56,219542400,0.090573887739863
"111",111,110,56,219542400,0.087156434011246
"112",112,111,49,192099600,0.087771066749582
"113",113,112,56,219542400,0.087941261673612
"114",114,113,49,192099600,0.08713433389761
"115",115,114,56,219542400,0.090163468516299
"116",116,115,49,192099600,0.094223476186091
"117",117,116,56,219542400,0.093247164040804
"118",118,117,56,219542400,0.092758244302656
"119",119,118,64,250905600,0.086759876110591
"120",120,119,56,219542400,0.087257457764021
"121",121,120,64,250905600,0.087700697709806
"122",122,121,56,219542400,0.087826632628483
"123",123,122,64,250905600,0.090186922810972
"124",124,123,56,219542400,0.092781296798161
"125",125,124,64,250905600,0.093777968315408
"126",126,125,56,219542400,0.086157762578556
"127",127,126,49,192099600,0.086395274619667
"128",128,127,56,219542400,0.086516185530594
"129",129,128,49,192099600,0.088754967615312
"130",130,129,56,219542400,0.09124347101897
"131",131,130,49,192099600,0.09290187973149
"132",132,131,64,250905600,0.086276341462508
"133",133,132,56,219542400,0.085377105910863
"134",134,133,64,250905600,0.083421538118273
"135",135,134,56,219542400,0.087847239071769
"136",136,135,64,250905600,0.085801352048293
"137",137,136,56,219542400,0.085942614025303
"138",138,137,64,250905600,0.086151660652831
"139",139,138,56,219542400,0.085193591990641
"140",140,139,49,192099600,0.0860105755986
"141",141,140,64,250905600,0.085464789764956
"142",142,141,56,219542400,0.085316538278546
"143",143,142,64,250905600,0.083811945049092
"144",144,143,64,250905600,0.084681663080119
"145",145,144,56,219542400,0.08571420303945
"146",146,145,64,250905600,0.085964903701097
"147",147,146,56,219542400,0.085890376142093
"148",148,147,64,250905600,0.085444332216866
"149",149,148,49,192099600,0.087136378397747
"150",150,149,56,219542400,0.086987974654351
"151",151,150,49,192099600,0.084658986907832
"152",152,151,56,219542400,0.082460686032261
"153",153,152,56,219542400,0.084065783103662
"154",154,153,49,192099600,0.085540728301418
"155",155,154,56,219542400,0.085718443750271
"156",156,155,49,192099600,0.085459064008022
"157",157,156,64,250905600,0.089391522225924
"158",158,157,56,219542400,0.088212950687323
"159",159,158,64,250905600,0.087750001926906
"160",160,159,56,219542400,0.086104639539761
"161",161,160,64,250905600,0.084592242958024
"162",162,161,64,250905600,0.085326093714684
"163",163,162,56,219542400,0.085989126004279
"164",164,163,64,250905600,0.085648068343289
"165",165,164,56,219542400,0.085112640368087
"166",166,165,49,192099600,0.092451274699094
"167",167,166,56,219542400,0.091483907507999
"168",168,167,49,192099600,0.090519095257837
"169",169,168,56,219542400,0.089395108632743
"170",170,169,49,192099600,0.087986254570436
"171",171,170,56,219542400,0.086819744402809
"172",172,171,56,219542400,0.086433780246547
"173",173,172,49,192099600,0.086612448248328
"174",174,173,56,219542400,0.086220615676471
"175",175,174,64,250905600,0.094635571702383
"176",176,175,56,219542400,0.094866886069732
"177",177,176,64,250905600,0.094071143539622
"178",178,177,56,219542400,0.09282706904092
"179",179,178,64,250905600,0.091116234660149
"180",180,179,56,219542400,0.089388977603189
"181",181,180,64,250905600,0.087503209011629
"182",182,181,64,250905600,0.086269382853061
"183",183,182,56,219542400,0.086768865452281
"184",184,183,56,219542400,0.095157143127705
"185",185,184,56,219542400,0.097239900912557
"186",186,185,49,192099600,0.098001314517187
"187",187,186,56,219542400,0.096647630445659
"188",188,187,49,192099600,0.094797184728846
"189",189,188,56,219542400,0.092629205169422
"190",190,189,49,192099600,0.090604779367544
"191",191,190,56,219542400,0.088819287052112
"192",192,191,56,219542400,0.087593552922564
"193",193,192,49,192099600,0.087560771375286
"194",194,193,64,250905600,0.091624152846634
"195",195,194,56,219542400,0.094506823191685
"196",196,195,64,250905600,0.096112339873798
"197",197,196,64,250905600,0.101714341668412
"198",198,197,56,219542400,0.101797585375607
"199",199,198,64,250905600,0.099309396697208
"200",200,199,56,219542400,0.0962443185438
"201",201,200,64,250905600,0.09289167902898
"202",202,201,56,219542400,0.090561543724367
"203",203,202,64,250905600,0.090037819347344
"204",204,203,64,250905600,0.089407496154308
"205",205,204,56,219542400,0.088634049652943
"206",206,205,64,250905600,0.092482550651766
"207",207,206,56,219542400,0.096343131868967
"208",208,207,64,250905600,0.100825759698637
"209",209,208,64,250905600,0.110288295312785
"210",210,209,56,219542400,0.105027223937213
"211",211,210,64,250905600,0.101285199052654
"212",212,211,56,219542400,0.097313756921462
"213",213,212,64,250905600,0.092569467029534
"214",214,213,56,219542400,0.089549907084022
"215",215,214,64,250905600,0.090359109221026
"216",216,215,56,219542400,0.087186876684427
"217",217,216,49,192099600,0.088056253991565
"218",218,217,56,219542400,0.091827241437776
"219",219,218,49,192099600,0.096475836573815
"220",220,219,56,219542400,0.099924006632396
"221",221,220,56,219542400,0.102964647114277
"222",222,221,49,192099600,0.104433557208703
"223",223,222,56,219542400,0.101751821514751
"224",224,223,49,192099600,0.098017172241698
"225",225,224,56,219542400,0.094230976887047
"226",226,225,49,192099600,0.091624359391174
"227",227,226,56,219542400,0.091181692800352
"228",228,227,56,219542400,0.086056719401053
"229",229,228,64,250905600,0.086428133654408
"230",230,229,56,219542400,0.085706181292023
"231",231,230,64,250905600,0.089835695573129
"232",232,231,56,219542400,0.093964426512165
"233",233,232,64,250905600,0.093250720994547
"234",234,233,64,250905600,0.09808568446897
"235",235,234,56,219542400,0.101296426861414
"236",236,235,64,250905600,0.101061272667721
"237",237,236,56,219542400,0.098648945934006
"238",238,237,64,250905600,0.095541048329324
"239",239,238,56,219542400,0.092369320004114
"240",240,239,56,219542400,0.084964875397938
"241",241,240,49,192099600,0.085593436141403
"242",242,241,56,219542400,0.086387960905475
"243",243,242,49,192099600,0.087111240594971
"244",244,243,56,219542400,0.089743979142181
"245",245,244,49,192099600,0.092821548787915
"246",246,245,56,219542400,0.093948268464633
"247",247,246,56,219542400,0.096637606620789
"248",248,247,49,192099600,0.09956795539783
"249",249,248,56,219542400,0.102088587624686
"250",250,249,49,192099600,0.099119638605994
"251",251,250,56,219542400,0.096346444849457
"252",252,251,64,250905600,0.083083069766872
"253",253,252,56,219542400,0.084068631088095
"254",254,253,64,250905600,0.0853965630522
"255",255,254,56,219542400,0.087271279389305
"256",256,255,64,250905600,0.089184309355915
"257",257,256,56,219542400,0.091182079698358
"258",258,257,64,250905600,0.092987046344206
"259",259,258,64,250905600,0.094847032334656
"260",260,259,56,219542400,0.096866377097155
"261",261,260,64,250905600,0.098397824098356
"262",262,261,56,219542400,0.097030538001231
"263",263,262,64,250905600,0.096796568483114
"264",264,263,56,219542400,0.080841634688633
"265",265,264,49,192099600,0.08218119050167
"266",266,265,56,219542400,0.083604051731527
"267",267,266,49,192099600,0.085620079873776
"268",268,267,56,219542400,0.087183404314731
"269",269,268,49,192099600,0.088543441526744
"270",270,269,56,219542400,0.090562402270734
"271",271,270,56,219542400,0.092216769898576
"272",272,271,49,192099600,0.093002748124453
"273",273,272,56,219542400,0.093517334200442
"274",274,273,49,192099600,0.093155366121506
"275",275,274,64,250905600,0.0774481005501
"276",276,275,56,219542400,0.08179119322449
"277",277,276,64,250905600,0.082222031545825
"278",278,277,56,219542400,0.083578557973461
"279",279,278,64,250905600,0.084592083236203
"280",280,279,56,219542400,0.085393054543861
"281",281,280,64,250905600,0.088540937169455
"282",282,281,64,250905600,0.091508890502155
"283",283,282,56,219542400,0.090477098045605
"284",284,283,64,250905600,0.088665663148277
"285",285,284,56,219542400,0.087352812556284
"286",286,285,64,250905600,0.070885560940951
"287",287,286,56,219542400,0.077413162083498
"288",288,287,64,250905600,0.080806021695025
"289",289,288,56,219542400,0.082612600177526
"290",290,289,64,250905600,0.083058630698361
"291",291,290,56,219542400,0.082566290162504
"292",292,291,64,250905600,0.085578693076968
"293",293,292,64,250905600,0.088939861161634
"294",294,293,56,219542400,0.088431625893073
"295",295,294,64,250905600,0.08551860274747
"296",296,295,56,219542400,0.07409613127155
"297",297,296,49,192099600,0.077353399322957
"298",298,297,56,219542400,0.080534363963774
"299",299,298,49,192099600,0.081799518088905
"300",300,299,56,219542400,0.081968092492649
"301",301,300,49,192099600,0.082902606348602
"302",302,301,56,219542400,0.084705373671438
"303",303,302,56,219542400,0.087058121870671
"304",304,303,49,192099600,0.087842390397374
"305",305,304,64,250905600,0.077812678879127
"306",306,305,56,219542400,0.07942138758621
"307",307,306,64,250905600,0.081056934432127
"308",308,307,56,219542400,0.081240806196417
"309",309,308,64,250905600,0.080548274796456
"310",310,309,56,219542400,0.082131888850459
"311",311,310,64,250905600,0.084006697870791
"312",312,311,64,250905600,0.086054887855425
"313",313,312,56,219542400,0.086880516260862
"314",314,313,56,219542400,0.079762524792126
"315",315,314,49,192099600,0.080536952128216
"316",316,315,56,219542400,0.081260224405144
"317",317,316,49,192099600,0.081555877869226
"318",318,317,56,219542400,0.081609412096441
"319",319,318,49,192099600,0.082083833612958
"320",320,319,56,219542400,0.08347155912114
"321",321,320,56,219542400,0.085543358033257
"322",322,321,64,250905600,0.080835092812777
"323",323,322,56,219542400,0.081126088542598
"324",324,323,64,250905600,0.081516308360733
"325",325,324,56,219542400,0.082088570243546
"326",326,325,64,250905600,0.082306040567346
"327",327,326,56,219542400,0.082619295721608
"328",328,327,64,250905600,0.083681406686082
"329",329,328,64,250905600,0.080953688360751
"330",330,329,56,219542400,0.081367960465806
"331",331,330,64,250905600,0.081778925145045
"332",332,331,56,219542400,0.082286468440933
"333",333,332,64,250905600,0.082678110920824
"334",334,333,56,219542400,0.083252404550357
"335",335,334,64,250905600,0.08394627016969
"336",336,335,56,219542400,0.081035753179874
"337",337,336,49,192099600,0.081311314081659
"338",338,337,56,219542400,0.081713271859501
"339",339,338,49,192099600,0.081963672169617
"340",340,339,56,219542400,0.08242799700903
"341",341,340,49,192099600,0.083075552570577
"342",342,341,64,250905600,0.080663417116739
"343",343,342,56,219542400,0.080920862033963
"344",344,343,64,250905600,0.081192711135373
"345",345,344,56,219542400,0.081478131136724
"346",346,345,64,250905600,0.081865095184185
"347",347,346,56,219542400,0.080331151240638
"348",348,347,49,192099600,0.080652977434956
"349",349,348,56,219542400,0.080779426198985
"350",350,349,49,192099600,0.080961276073845
"351",351,350,56,219542400,0.081244534679822
"352",352,351,64,250905600,0.079767358954996
"353",353,352,56,219542400,0.080203719969307
"354",354,353,64,250905600,0.080150818102993
"355",355,354,56,219542400,0.080140791833401
"356",356,355,56,219542400,0.078814017985548
"357",357,356,49,192099600,0.079375023744544
"358",358,357,56,219542400,0.079331899194845
"359",359,358,49,192099600,0.079041392827521
"360",360,359,64,250905600,0.078098692349158
"361",361,360,56,219542400,0.078478544684393
"362",362,361,64,250905600,0.078410049900413
"363",363,362,64,250905600,0.077789701288566
"364",364,363,56,219542400,0.077658196512078
"365",365,364,56,219542400,0.077633612656168
"366",366,365,49,192099600,0.077553705141252
"367",367,366,64,250905600,0.077580494224094
"368",368,367,49,192099600,0.090666967539155
"369",369,368,56,219542400,0.091012537745493
"370",370,369,56,219542400,0.091270154741194
"371",371,370,49,192099600,0.09157355312182
"372",372,371,56,219542400,0.091707368514368
"373",373,372,64,250905600,0.092152689467184
"374",374,373,64,250905600,0.09203543595504
"375",375,374,56,219542400,0.092100166582635
"376",376,375,64,250905600,0.091917486861348
"377",377,376,56,219542400,0.091909700605486
"378",378,377,56,219542400,0.09342123262052
"379",379,378,64,250905600,0.092616588575765
"380",380,379,64,250905600,0.092354196822271
"381",381,380,56,219542400,0.092180839074509
"382",382,381,64,250905600,0.092111549223773
"383",383,382,56,219542400,0.09308060019144
"384",384,383,64,250905600,0.093685301952064
"385",385,384,49,192099600,0.093375586733526
"386",386,385,56,219542400,0.092371817678213
"387",387,386,56,219542400,0.092102961082544
"388",388,387,49,192099600,0.092089992244633
"389",389,388,56,219542400,0.092974953220359
"390",390,389,49,192099600,0.093737595847675
"391",391,390,56,219542400,0.094648668409458
"392",392,391,49,192099600,0.096061646026008
"393",393,392,64,250905600,0.094375922577456
"394",394,393,56,219542400,0.092591979806977
"395",395,394,64,250905600,0.091455012094229
"396",396,395,64,250905600,0.091748478705995
"397",397,396,56,219542400,0.09278648093875
"398",398,397,64,250905600,0.093919338774867
"399",399,398,56,219542400,0.09488678577223
"400",400,399,64,250905600,0.09543010557536
"401",401,400,56,219542400,0.096814875490963
"402",402,401,49,192099600,0.09395343186904
"403",403,402,56,219542400,0.09341827008341
"404",404,403,49,192099600,0.091827369770225
"405",405,404,56,219542400,0.090335905285818
"406",406,405,56,219542400,0.091599947373782
"407",407,406,49,192099600,0.093113691679069
"408",408,407,56,219542400,0.094401276005166
"409",409,408,49,192099600,0.095255178912562
"410",410,409,56,219542400,0.09601153260363
"411",411,410,49,192099600,0.096947972719767
"412",412,411,56,219542400,0.097745330339032
"413",413,412,64,250905600,0.093826801748946
"414",414,413,56,219542400,0.093733472749591
"415",415,414,64,250905600,0.093252659891732
"416",416,415,56,219542400,0.092328909119325
"417",417,416,64,250905600,0.091653899056837
"418",418,417,64,250905600,0.092606278602034
"419",419,418,56,219542400,0.093597050889262
"420",420,419,64,250905600,0.094914632500149
"421",421,420,56,219542400,0.095949495477336
"422",422,421,64,250905600,0.09643932513427
"423",423,422,56,219542400,0.096956452886973
"424",424,423,64,250905600,0.097851427621208
"425",425,424,64,250905600,0.09903825679794
"426",426,425,64,250905600,0.093786061508581
"427",427,426,56,219542400,0.093647936226002
"428",428,427,64,250905600,0.09319342917297
"429",429,428,56,219542400,0.092666052414903
"430",430,429,64,250905600,0.092895476846024
"431",431,430,64,250905600,0.093383384402841
"432",432,431,56,219542400,0.094121111423842
"433",433,432,64,250905600,0.095153504866175
"434",434,433,56,219542400,0.09593880522464
"435",435,434,64,250905600,0.0962839104468
"436",436,435,56,219542400,0.09697926829436
"437",437,436,64,250905600,0.097841736976989
"438",438,437,64,250905600,0.0989824073622
"439",439,438,56,219542400,0.100358862562903
"440",440,439,49,192099600,0.093637312249262
"441",441,440,56,219542400,0.093543790679957
"442",442,441,49,192099600,0.093479404187932
"443",443,442,56,219542400,0.093013151814895
"444",444,443,49,192099600,0.092264125693818
"445",445,444,56,219542400,0.092990023350077
"446",446,445,56,219542400,0.093399724257844
"447",447,446,49,192099600,0.093320707733534
"448",448,447,56,219542400,0.094864277834339
"449",449,448,49,192099600,0.095796465265508
"450",450,449,56,219542400,0.095620213608657
"451",451,450,49,192099600,0.096342946041603
"452",452,451,56,219542400,0.09748061573399
"453",453,452,56,219542400,0.098930708398776
"454",454,453,49,192099600,0.100421275107228
"455",455,454,56,219542400,0.101326570979186
"456",456,455,64,250905600,0.092680000350811
"457",457,456,56,219542400,0.092973711368229
"458",458,457,64,250905600,0.09330457856413
"459",459,458,56,219542400,0.093628902387406
"460",460,459,64,250905600,0.093425312661566
"461",461,460,56,219542400,0.092490644327232
"462",462,461,64,250905600,0.093260421068408
"463",463,462,64,250905600,0.092677924898453
"464",464,463,56,219542400,0.091883360009108
"465",465,464,64,250905600,0.094945912598632
"466",466,465,56,219542400,0.096133815390723
"467",467,466,64,250905600,0.094697662629187
"468",468,467,56,219542400,0.095886012140129
"469",469,468,64,250905600,0.095555344363675
"470",470,469,64,250905600,0.097710583708249
"471",471,470,56,219542400,0.099820203280875
"472",472,471,64,250905600,0.100399854127318
"473",473,472,56,219542400,0.101347654259631
"474",474,473,56,219542400,0.092115739360452
"475",475,474,49,192099600,0.092695973205323
"476",476,475,56,219542400,0.09347440914384
"477",477,476,49,192099600,0.094777898976997
"478",478,477,56,219542400,0.095228100993804
"479",479,478,49,192099600,0.094861842083688
"480",480,479,56,219542400,0.094668161257037
"481",481,480,56,219542400,0.091265344593142
"482",482,481,49,192099600,0.094747322706544
"483",483,482,56,219542400,0.09822168919657
"484",484,483,49,192099600,0.099445270944615
"485",485,484,56,219542400,0.098396281179573
"486",486,485,49,192099600,0.096976953501604
"487",487,486,56,219542400,0.092557498253882
"488",488,487,56,219542400,0.096994481980801
"489",489,488,49,192099600,0.099042878619262
"490",490,489,56,219542400,0.097894667780825
"491",491,490,64,250905600,0.08807090902701
"492",492,491,64,250905600,0.091588753508404
"493",493,492,56,219542400,0.092905301600695
"494",494,493,64,250905600,0.094417131273076
"495",495,494,56,219542400,0.097091680658715
"496",496,495,64,250905600,0.098537688492797
"497",497,496,56,219542400,0.097733105133687
"498",498,497,64,250905600,0.09790026419796
"499",499,498,64,250905600,0.095316781313159
"500",500,499,56,219542400,0.100289731286466
"501",501,500,64,250905600,0.105207099812105
"502",502,501,56,219542400,0.105354091950825
"503",503,502,64,250905600,0.104680362041108
"504",504,503,56,219542400,0.103107321608279
"505",505,504,64,250905600,0.100522232009098
"506",506,505,64,250905600,0.101686010020785
"507",507,506,56,219542400,0.099369068496994
"508",508,507,49,192099600,0.086494514984744
"509",509,508,56,219542400,0.088176288508943
"510",510,509,56,219542400,0.091022063978016
"511",511,510,49,192099600,0.092906797570842
"512",512,511,56,219542400,0.095247486340148
"513",513,512,49,192099600,0.098957566430374
"514",514,513,56,219542400,0.102001446964485
"515",515,514,49,192099600,0.099559297671123
"516",516,515,56,219542400,0.098421666771173
"517",517,516,56,219542400,0.100222176872194
"518",518,517,49,192099600,0.105803724454374
"519",519,518,56,219542400,0.112877412699163
"520",520,519,49,192099600,0.110630454001378
"521",521,520,56,219542400,0.111425549057978
"522",522,521,49,192099600,0.111597109053816
"523",523,522,56,219542400,0.112853076308966
"524",524,523,64,250905600,0.085298163001426
"525",525,524,56,219542400,0.086406133669828
"526",526,525,64,250905600,0.088239436969161
"527",527,526,64,250905600,0.090422421810217
"528",528,527,56,219542400,0.092883145569691
"529",529,528,64,250905600,0.095250166021287
"530",530,529,56,219542400,0.098135634591537
"531",531,530,64,250905600,0.09977207321208
"532",532,531,56,219542400,0.099324311262795
"533",533,532,64,250905600,0.099410284077749
"534",534,533,64,250905600,0.101443556253798
"535",535,534,56,219542400,0.105338611240898
"536",536,535,64,250905600,0.10925831028726
"537",537,536,56,219542400,0.112298820566918
"538",538,537,64,250905600,0.116520223091356
"539",539,538,56,219542400,0.116431000509432
"540",540,539,64,250905600,0.085872587165795
"541",541,540,56,219542400,0.0867799692122
"542",542,541,64,250905600,0.088292794767767
"543",543,542,64,250905600,0.090008845552802
"544",544,543,56,219542400,0.092142834993345
"545",545,544,64,250905600,0.094560560537502
"546",546,545,56,219542400,0.096272457391024
"547",547,546,64,250905600,0.097329577431083
"548",548,547,56,219542400,0.098673934649144
"549",549,548,64,250905600,0.099063116824254
"550",550,549,64,250905600,0.100866526016034
"551",551,550,56,219542400,0.103832900125001
"552",552,551,64,250905600,0.106801815098152
"553",553,552,56,219542400,0.110973607216563
"554",554,553,64,250905600,0.114723257021978
"555",555,554,49,192099600,0.085079114808112
"556",556,555,56,219542400,0.086055413420711
"557",557,556,49,192099600,0.087146713569456
"558",558,557,56,219542400,0.08834761833506
"559",559,558,56,219542400,0.089770496290709
"560",560,559,49,192099600,0.091459078144054
"561",561,560,56,219542400,0.0934167491006
"562",562,561,49,192099600,0.094299804799411
"563",563,562,56,219542400,0.095072732040925
"564",564,563,49,192099600,0.096349567022859
"565",565,564,56,219542400,0.098039066152913
"566",566,565,56,219542400,0.100326920992562
"567",567,566,49,192099600,0.102471489231197
"568",568,567,56,219542400,0.10428168371852
"569",569,568,49,192099600,0.110801982028144
"570",570,569,64,250905600,0.08350290323142
"571",571,570,56,219542400,0.084757148953421
"572",572,571,64,250905600,0.085736104170792
"573",573,572,56,219542400,0.087036498023995
"574",574,573,64,250905600,0.088254306348972
"575",575,574,64,250905600,0.089512810693122
"576",576,575,56,219542400,0.090944480550076
"577",577,576,64,250905600,0.0919342628913
"578",578,577,56,219542400,0.092205373437277
"579",579,578,64,250905600,0.090403125854209
"580",580,579,56,219542400,0.088839483846511
"581",581,580,64,250905600,0.093314817175269
"582",582,581,64,250905600,0.099050618009642
"583",583,582,56,219542400,0.10119504481554
"584",584,583,64,250905600,0.100566701730713
"585",585,584,56,219542400,0.083192752142038
"586",586,585,56,219542400,0.084728157280811
"587",587,586,49,192099600,0.084804667958191
"588",588,587,56,219542400,0.085595060938171
"589",589,588,49,192099600,0.086727761492437
"590",590,589,56,219542400,0.088208543801946
"591",591,590,56,219542400,0.089484819610204
"592",592,591,49,192099600,0.090396056673965
"593",593,592,56,219542400,0.090922899810331
"594",594,593,49,192099600,0.090551506347802
"595",595,594,56,219542400,0.086567925156227
"596",596,595,49,192099600,0.082251665847642
"597",597,596,56,219542400,0.088933834007808
"598",598,597,56,219542400,0.097589558123478
"599",599,598,64,250905600,0.08374621742405
"600",600,599,64,250905600,0.084478251752444
"601",601,600,56,219542400,0.084743742431913
"602",602,601,64,250905600,0.085677009425126
"603",603,602,56,219542400,0.086698121657329
"604",604,603,64,250905600,0.088177063851617
"605",605,604,64,250905600,0.089586877264082
"606",606,605,56,219542400,0.09025384472417
"607",607,606,64,250905600,0.091750851366669
"608",608,607,56,219542400,0.090960084460676
"609",609,608,64,250905600,0.088786968728527
"610",610,609,56,219542400,0.08696087449789
"611",611,610,64,250905600,0.09144512261264
"612",612,611,49,192099600,0.08253304128136
"613",613,612,56,219542400,0.08345605100372
"614",614,613,56,219542400,0.084206898829767
"615",615,614,49,192099600,0.084724572088037
"616",616,615,56,219542400,0.085759436977761
"617",617,616,49,192099600,0.086866562159694
"618",618,617,56,219542400,0.088003292280648
"619",619,618,56,219542400,0.089578017326338
"620",620,619,49,192099600,0.091031664792372
"621",621,620,56,219542400,0.092074998787471
"622",622,621,49,192099600,0.092450273888452
"623",623,622,56,219542400,0.092459153916155
"624",624,623,49,192099600,0.092705840815087
"625",625,624,64,250905600,0.080671502044424
"626",626,625,56,219542400,0.081770496309868
"627",627,626,64,250905600,0.082712829811499
"628",628,627,64,250905600,0.083813378820196
"629",629,628,56,219542400,0.084840091477547
"630",630,629,64,250905600,0.08561549836304
"631",631,630,56,219542400,0.086945674648242
"632",632,631,64,250905600,0.087923359242268
"633",633,632,64,250905600,0.089988320600241
"634",634,633,56,219542400,0.091641120878713
"635",635,634,64,250905600,0.092649892321788
"636",636,635,56,219542400,0.093709906563163
"637",637,636,64,250905600,0.094793680123985
"638",638,637,64,250905600,0.085545108653605
"639",639,638,56,219542400,0.085689522459039
"640",640,639,56,219542400,0.086051452771894
"641",641,640,49,192099600,0.086059788203969
"642",642,641,64,250905600,0.085565574583597
"643",643,642,64,250905600,0.086223622900434
"644",644,643,56,219542400,0.086654578867768
"645",645,644,49,192099600,0.085705919837465
"646",646,645,56,219542400,0.085994430418525
"647",647,646,56,219542400,0.086464000067541
"648",648,647,49,192099600,0.086858744219858
"649",649,648,56,219542400,0.087046391197613
"650",650,649,64,250905600,0.086808938300237
"651",651,650,56,219542400,0.08664841737066
"652",652,651,64,250905600,0.086712516029365
"653",653,652,64,250905600,0.086858987226151
"654",654,653,56,219542400,0.087069688364863
"655",655,654,64,250905600,0.087227822630666
"656",656,655,56,219542400,0.087411596971963
"657",657,656,56,219542400,0.087376328451293
"658",658,657,49,192099600,0.087337185077521
"659",659,658,56,219542400,0.087165921660406
"660",660,659,56,219542400,0.087181661677148
"661",661,660,49,192099600,0.087270469233698
"662",662,661,56,219542400,0.087257867146816
"663",663,662,49,192099600,0.087312794613595
"664",664,663,56,219542400,0.08754211557763
"665",665,664,56,219542400,0.088796096188681
"666",666,665,64,250905600,0.088003489887342
"667",667,666,56,219542400,0.087541343910354
"668",668,667,64,250905600,0.087166458833963
"669",669,668,64,250905600,0.087126216851175
"670",670,669,56,219542400,0.087188654180084
"671",671,670,64,250905600,0.087237273924984
"672",672,671,56,219542400,0.087277765518853
"673",673,672,64,250905600,0.087452892330475
"674",674,673,64,250905600,0.090447097318247
"675",675,674,56,219542400,0.089851634443871
"676",676,675,64,250905600,0.088442513719201
"677",677,676,56,219542400,0.087087039702705
"678",678,677,64,250905600,0.086041546775959
"679",679,678,64,250905600,0.086693133460358
"680",680,679,56,219542400,0.087253179002021
"681",681,680,64,250905600,0.086836826521903
"682",682,681,56,219542400,0.086322050142501
"683",683,682,64,250905600,0.086688873590901
"684",684,683,56,219542400,0.087586330915136
"685",685,684,56,219542400,0.09100420307368
"686",686,685,49,192099600,0.09064585639506
"687",687,686,56,219542400,0.089229471715433
"688",688,687,49,192099600,0.086937243993185
"689",689,688,56,219542400,0.084856572560966
"690",690,689,56,219542400,0.086404534455921
"691",691,690,49,192099600,0.087201359016555
"692",692,691,56,219542400,0.085737865551242
"693",693,692,49,192099600,0.0843745013889
"694",694,693,56,219542400,0.085350102478904
"695",695,694,49,192099600,0.087040379187282
"696",696,695,56,219542400,0.08841916971973
"697",697,696,64,250905600,0.089512659818865
"698",698,697,64,250905600,0.09040260547772
"699",699,698,56,219542400,0.091507902768041
"700",700,699,64,250905600,0.090795100084506
"701",701,700,56,219542400,0.08919363109661
"702",702,701,64,250905600,0.087685321574099
"703",703,702,64,250905600,0.088326393277384
"704",704,703,56,219542400,0.088101171356227
"705",705,704,64,250905600,0.085293510579504
"706",706,705,56,219542400,0.082845144506012
"707",707,706,64,250905600,0.084611331229098
"708",708,707,56,219542400,0.087090903094837
"709",709,708,64,250905600,0.088749220594764
"710",710,709,64,250905600,0.08977314340882
"711",711,710,49,192099600,0.093497548176318
"712",712,711,56,219542400,0.08639717807195
"713",713,712,56,219542400,0.09002192132175
"714",714,713,49,192099600,0.092674777215841
"715",715,714,56,219542400,0.092820022388228
"716",716,715,49,192099600,0.091931768217865
"717",717,716,56,219542400,0.091128169958081
"718",718,717,56,219542400,0.090969147027603
"719",719,718,49,192099600,0.090031342999059
"720",720,719,56,219542400,0.087566062808037
"721",721,720,49,192099600,0.085486266685992
"722",722,721,56,219542400,0.08645996411464
"723",723,722,49,192099600,0.088269476379667
"724",724,723,56,219542400,0.089560471075986
"725",725,724,56,219542400,0.090335438427116
"726",726,725,56,219542400,0.098671616055071
"727",727,726,64,250905600,0.093253498082049
"728",728,727,64,250905600,0.092958880937658
"729",729,728,56,219542400,0.09412484655955
"730",730,729,64,250905600,0.095318170264363
"731",731,730,56,219542400,0.093867060462279
"732",732,731,64,250905600,0.092331404332072
"733",733,732,64,250905600,0.091921905637719
"734",734,733,56,219542400,0.09137467853725
"735",735,734,64,250905600,0.090275686816312
"736",736,735,56,219542400,0.089280729980341
"737",737,736,64,250905600,0.089337260229513
"738",738,737,56,219542400,0.089936928025314
"739",739,738,64,250905600,0.090504171443172
"740",740,739,64,250905600,0.090820241952315
"741",741,740,56,219542400,0.0945359046704
"742",742,741,49,192099600,0.095273820569321
"743",743,742,56,219542400,0.094599501229823
"744",744,743,56,219542400,0.094428643584251
"745",745,744,49,192099600,0.094500578635809
"746",746,745,56,219542400,0.098532750670399
"747",747,746,49,192099600,0.094356827741983
"748",748,747,56,219542400,0.092457699722477
"749",749,748,56,219542400,0.092157077975571
"750",750,749,49,192099600,0.092111388335423
"751",751,750,56,219542400,0.091880129517189
"752",752,751,49,192099600,0.091629929992617
"753",753,752,56,219542400,0.09149235699858
"754",754,753,49,192099600,0.091489501905685
"755",755,754,56,219542400,0.091453223223133
"756",756,755,64,250905600,0.090629480779171
"757",757,756,56,219542400,0.093309977890125
"758",758,757,64,250905600,0.093765568803065
"759",759,758,64,250905600,0.093947536428459
"760",760,759,56,219542400,0.094016288540193
"761",761,760,64,250905600,0.093904457986355
"762",762,761,56,219542400,0.091391386996422
"763",763,762,64,250905600,0.091910315561108
"764",764,763,64,250905600,0.092715186765417
"765",765,764,56,219542400,0.09294559034918
"766",766,765,64,250905600,0.093146844767034
"767",767,766,56,219542400,0.0933556647173
"768",768,767,64,250905600,0.093187087448314
"769",769,768,56,219542400,0.09263166825154
"770",770,769,56,219542400,0.081464602079775
"771",771,770,64,250905600,0.086273460532539
"772",772,771,56,219542400,0.090653741466148
"773",773,772,64,250905600,0.092219457495958
"774",774,773,64,250905600,0.092655584216118
"775",775,774,56,219542400,0.092343839018473
"776",776,775,64,250905600,0.090945341275074
"777",777,776,56,219542400,0.088352469993489
"778",778,777,64,250905600,0.092665347969159
"779",779,778,64,250905600,0.093555554631166
"780",780,779,56,219542400,0.093737405059593
"781",781,780,64,250905600,0.094641425763257
"782",782,781,56,219542400,0.095594439655542
"783",783,782,64,250905600,0.094723060261458
"784",784,783,56,219542400,0.08651934856815
"785",785,784,49,192099600,0.084861684818657
"786",786,785,56,219542400,0.087028452727411
"787",787,786,49,192099600,0.08940747456283
"788",788,787,56,219542400,0.091062944648521
"789",789,788,56,219542400,0.09191147038447
"790",790,789,49,192099600,0.091463850621058
"791",791,790,56,219542400,0.090474580414593
"792",792,791,49,192099600,0.092295476216443
"793",793,792,56,219542400,0.096863711252809
"794",794,793,56,219542400,0.093665573479874
"795",795,794,49,192099600,0.094012241886587
"796",796,795,56,219542400,0.095399874395558
"797",797,796,49,192099600,0.09718584999138
"798",798,797,56,219542400,0.09544292850686
"799",799,798,64,250905600,0.086933893500827
"800",800,799,56,219542400,0.08712734681155
"801",801,800,64,250905600,0.088122265296988
"802",802,801,56,219542400,0.089407832893942
"803",803,802,64,250905600,0.090588510967791
"804",804,803,64,250905600,0.091575356782414
"805",805,804,56,219542400,0.091771730753992
"806",806,805,64,250905600,0.091751264990307
"807",807,806,56,219542400,0.093342998996377
"808",808,807,64,250905600,0.094902439042926
"809",809,808,64,250905600,0.094356933026575
"810",810,809,56,219542400,0.094192848939981
"811",811,810,64,250905600,0.09468742471654
"812",812,811,56,219542400,0.095409632926541
"813",813,812,49,192099600,0.086104286568505
"814",814,813,56,219542400,0.086825203948787
"815",815,814,49,192099600,0.087742887437344
"816",816,815,56,219542400,0.088487882699285
"817",817,816,49,192099600,0.08911685341475
"818",818,817,56,219542400,0.089782631822995
"819",819,818,56,219542400,0.091139562028859
"820",820,819,49,192099600,0.092208066765143
"821",821,820,56,219542400,0.092594280439828
"822",822,821,49,192099600,0.093477948435715
"823",823,822,56,219542400,0.094279613745
"824",824,823,56,219542400,0.094706830834704
"825",825,824,49,192099600,0.094071572988617
"826",826,825,56,219542400,0.094044200676892
"827",827,826,64,250905600,0.085321112535894
"828",828,827,56,219542400,0.086332031791764
"829",829,828,64,250905600,0.087053715134971
"830",830,829,56,219542400,0.088124328958137
"831",831,830,64,250905600,0.088798973243684
"832",832,831,56,219542400,0.088431054992335
"833",833,832,64,250905600,0.08912132459227
"834",834,833,64,250905600,0.090730328694917
"835",835,834,56,219542400,0.092077604894127
"836",836,835,64,250905600,0.092478577513248
"837",837,836,56,219542400,0.093014903100474
"838",838,837,64,250905600,0.093759671319276
"839",839,838,64,250905600,0.094122835318558
"840",840,839,56,219542400,0.093992727675608
"841",841,840,64,250905600,0.084959408035502
"842",842,841,56,219542400,0.086129165254533
"843",843,842,64,250905600,0.086975055746734
"844",844,843,56,219542400,0.087747563607991
"845",845,844,64,250905600,0.08794394263532
"846",846,845,56,219542400,0.087297584462379
"847",847,846,64,250905600,0.088589317747392
"848",848,847,64,250905600,0.09120471670758
"849",849,848,56,219542400,0.092617923792984
"850",850,849,64,250905600,0.092501752777025
"851",851,850,56,219542400,0.092637181282043
"852",852,851,64,250905600,0.093394778203219
"853",853,852,64,250905600,0.093898735125549
"854",854,853,56,219542400,0.093805463851563
"855",855,854,56,219542400,0.083866466768086
"856",856,855,56,219542400,0.084911699406803
"857",857,856,49,192099600,0.085969768616618
"858",858,857,56,219542400,0.086587171070278
"859",859,858,49,192099600,0.087285852249788
"860",860,859,56,219542400,0.087697971213077
"861",861,860,49,192099600,0.087922032998533
"862",862,861,56,219542400,0.089260583078223
"863",863,862,56,219542400,0.091968125131513
"864",864,863,49,192099600,0.093589287631366
"865",865,864,56,219542400,0.092477235943079
"866",866,865,49,192099600,0.092081260316226
"867",867,866,56,219542400,0.092658326428916
"868",868,867,56,219542400,0.093425134063831
"869",869,868,56,219542400,0.082631390541792
"870",870,869,64,250905600,0.083475944004022
"871",871,870,64,250905600,0.084726663888432
"872",872,871,56,219542400,0.085538502782583
"873",873,872,64,250905600,0.086030022706836
"874",874,873,56,219542400,0.0866532211325
"875",875,874,64,250905600,0.087458257097751
"876",876,875,56,219542400,0.088236834188657
"877",877,876,64,250905600,0.089432720444165
"878",878,877,64,250905600,0.091201441246085
"879",879,878,56,219542400,0.092060100021107
"880",880,879,64,250905600,0.091878188890405
"881",881,880,56,219542400,0.091406411890473
"882",882,881,64,250905600,0.091783687821589
"883",883,882,49,192099600,0.081652877738281
"884",884,883,56,219542400,0.082920045724937
"885",885,884,56,219542400,0.083828165861113
"886",886,885,49,192099600,0.084879989070552
"887",887,886,56,219542400,0.085651686814215
"888",888,887,49,192099600,0.086169141591812
"889",889,888,56,219542400,0.086970126256347
"890",890,889,49,192099600,0.087989821269804
"891",891,890,56,219542400,0.088911254491125
"892",892,891,56,219542400,0.089768369016903
"893",893,892,49,192099600,0.090224202190127
"894",894,893,56,219542400,0.089879511057266
"895",895,894,49,192099600,0.088722612328675
"896",896,895,56,219542400,0.090000152720937
"897",897,896,64,250905600,0.080295905703679
"898",898,897,56,219542400,0.080902330045189
"899",899,898,64,250905600,0.081961912685074
"900",900,899,64,250905600,0.083004832733423
"901",901,900,56,219542400,0.083936584847314
"902",902,901,64,250905600,0.0848811698379
"903",903,902,56,219542400,0.085414534833814
"904",904,903,64,250905600,0.086223256657831
"905",905,904,56,219542400,0.087141217663884
"906",906,905,64,250905600,0.087931454298086
"907",907,906,64,250905600,0.088375562569126
"908",908,907,56,219542400,0.088401915505528
"909",909,908,64,250905600,0.087320252438076
"910",910,909,56,219542400,0.085631937985974
"911",911,910,56,219542400,0.079013988109572
"912",912,911,49,192099600,0.079787894475217
"913",913,912,56,219542400,0.080908349848219
"914",914,913,56,219542400,0.082278960783567
"915",915,914,49,192099600,0.083262574307773
"916",916,915,56,219542400,0.084159478944327
"917",917,916,49,192099600,0.084713587955553
"918",918,917,56,219542400,0.085294676678521
"919",919,918,49,192099600,0.085852864141367
"920",920,919,56,219542400,0.086450740295861
"921",921,920,56,219542400,0.087227423143174
"922",922,921,49,192099600,0.086983459640522
"923",923,922,56,219542400,0.086376426342343
"924",924,923,56,219542400,0.077941313119871
"925",925,924,64,250905600,0.077728039002977
"926",926,925,56,219542400,0.07849616650492
"927",927,926,64,250905600,0.079927187180147
"928",928,927,64,250905600,0.081383280688897
"929",929,928,56,219542400,0.082470840242292
"930",930,929,64,250905600,0.083559590741061
"931",931,930,56,219542400,0.084243915309863
"932",932,931,64,250905600,0.08479759702459
"933",933,932,56,219542400,0.085055321321956
"934",934,933,64,250905600,0.085377320763655
"935",935,934,64,250905600,0.086067462223582
"936",936,935,56,219542400,0.085964823407786
"937",937,936,64,250905600,0.077811207389459
"938",938,937,56,219542400,0.077437854505011
"939",939,938,64,250905600,0.077112158760428
"940",940,939,56,219542400,0.077775627374649
"941",941,940,64,250905600,0.079176157945767
"942",942,941,64,250905600,0.080543730058707
"943",943,942,56,219542400,0.081718328808035
"944",944,943,64,250905600,0.082899495377205
"945",945,944,56,219542400,0.083832307053464
"946",946,945,64,250905600,0.08453739748802
"947",947,946,56,219542400,0.084898206937526
"948",948,947,64,250905600,0.084669514093548
"949",949,948,64,250905600,0.085026809712872
"950",950,949,56,219542400,0.085556225718132
"951",951,950,56,219542400,0.077703918862556
"952",952,951,49,192099600,0.077474835727896
"953",953,952,56,219542400,0.077356672313597
"954",954,953,49,192099600,0.077818043377935
"955",955,954,56,219542400,0.078780892305076
"956",956,955,56,219542400,0.079808330562498
"957",957,956,49,192099600,0.080902488712145
"958",958,957,56,219542400,0.082170055380889
"959",959,958,49,192099600,0.08322504710178
"960",960,959,56,219542400,0.083879099892718
"961",961,960,49,192099600,0.083824897146955
"962",962,961,56,219542400,0.083137031112398
"963",963,962,56,219542400,0.083839451095888
"964",964,963,56,219542400,0.077582238508122
"965",965,964,64,250905600,0.077583456877619
"966",966,965,56,219542400,0.077371009625494
"967",967,966,64,250905600,0.077378132031299
"968",968,967,56,219542400,0.077480715699494
"969",969,968,64,250905600,0.078021758235991
"970",970,969,64,250905600,0.07868946751114
"971",971,970,56,219542400,0.079702656583062
"972",972,971,64,250905600,0.081127807265148
"973",973,972,56,219542400,0.08242251205125
"974",974,973,64,250905600,0.083039933349937
"975",975,974,56,219542400,0.082576287245112
"976",976,975,64,250905600,0.081587949185632
"977",977,976,56,219542400,0.077481981499919
"978",978,977,49,192099600,0.07758511800547
"979",979,978,56,219542400,0.077390423443701
"980",980,979,49,192099600,0.077156708556779
"981",981,980,56,219542400,0.077049213195486
"982",982,981,49,192099600,0.076904219328141
"983",983,982,56,219542400,0.076531090374504
"984",984,983,56,219542400,0.076742135653538
"985",985,984,49,192099600,0.077796262441849
"986",986,985,56,219542400,0.079646017535457
"987",987,986,49,192099600,0.081475820468397
"988",988,987,56,219542400,0.082473000910665
"989",989,988,49,192099600,0.082773430006845
"990",990,989,64,250905600,0.07747621613089
"991",991,990,56,219542400,0.07755820147161
"992",992,991,64,250905600,0.077247720444575
"993",993,992,56,219542400,0.077034384943545
"994",994,993,64,250905600,0.07698304776568
"995",995,994,56,219542400,0.076549619702356
"996",996,995,64,250905600,0.074928585905582
"997",997,996,64,250905600,0.07380695885513
"998",998,997,56,219542400,0.075188957154751
"999",999,998,64,250905600,0.077895879978314
"1000",1000,999,56,219542400,0.08033553590732
"1001",1001,1000,64,250905600,0.08199413260445
"1002",1002,1001,56,219542400,0.082901750425143
"1003",1003,1002,56,219542400,0.077590561338833
"1004",1004,1003,49,192099600,0.077480579669378
"1005",1005,1004,56,219542400,0.077192402045642
"1006",1006,1005,49,192099600,0.077001729790045
"1007",1007,1006,56,219542400,0.076828811982913
"1008",1008,1007,49,192099600,0.076024631912611
"1009",1009,1008,56,219542400,0.073780191929213
"1010",1010,1009,56,219542400,0.072272206523589
"1011",1011,1010,49,192099600,0.073649319458981
"1012",1012,1011,56,219542400,0.076562255354864
"1013",1013,1012,49,192099600,0.079366982135237
"1014",1014,1013,56,219542400,0.081241452800376
"1015",1015,1014,64,250905600,0.077753891702741
"1016",1016,1015,56,219542400,0.077496079461915
"1017",1017,1016,64,250905600,0.077216070960276
"1018",1018,1017,56,219542400,0.077012119016477
"1019",1019,1018,64,250905600,0.076621967251413
"1020",1020,1019,56,219542400,0.075747226364911
"1021",1021,1020,64,250905600,0.074244477669708
"1022",1022,1021,64,250905600,0.073307031299919
"1023",1023,1022,56,219542400,0.074313595757953
"1024",1024,1023,64,250905600,0.076547855278477
"1025",1025,1024,56,219542400,0.078918695183737
