OBJECTID,FID_,COUNT,AREA,MEAN
1,0,32,117964800.000000000000000,0.092274500755593
2,1,64,235929600.000000000000000,0.095250694081187
3,2,32,117964800.000000000000000,0.095866005402058
4,3,64,235929600.000000000000000,0.108561292872764
5,4,64,235929600.000000000000000,0.104785791132599
6,5,64,235929600.000000000000000,0.102341305813752
7,6,32,117964800.000000000000000,0.101880257949233
8,7,56,206438400.000000000000000,0.120669604146055
9,8,64,235929600.000000000000000,0.116184947662987
10,9,64,235929600.000000000000000,0.111641944735311
11,10,64,235929600.000000000000000,0.109223831212148
12,11,32,117964800.000000000000000,0.108389523345977
13,12,64,235929600.000000000000000,0.122775399475358
14,13,56,206438400.000000000000000,0.122598497463124
15,14,64,235929600.000000000000000,0.119316747062840
16,15,64,235929600.000000000000000,0.115527339978144
17,16,64,235929600.000000000000000,0.113779814913869
18,17,32,117964800.000000000000000,0.113452146761119
19,18,56,206438400.000000000000000,0.121782937619303
20,19,56,206438400.000000000000000,0.123848899533706
21,20,49,180633600.000000000000000,0.122760139557780
22,21,56,206438400.000000000000000,0.119926709415657
23,22,56,206438400.000000000000000,0.116703739389777
24,23,56,206438400.000000000000000,0.115572149732283
25,24,28,103219200.000000000000000,0.115037478506565
26,25,64,235929600.000000000000000,0.112464792560786
27,26,64,235929600.000000000000000,0.122658762615174
28,27,64,235929600.000000000000000,0.123474218999036
29,28,56,206438400.000000000000000,0.122035777728472
30,29,64,235929600.000000000000000,0.119822991779074
31,30,64,235929600.000000000000000,0.117584886145778
32,31,64,235929600.000000000000000,0.116401473758742
33,32,32,117964800.000000000000000,0.115724519826472
34,33,56,206438400.000000000000000,0.095166796419237
35,34,64,235929600.000000000000000,0.100944646284916
36,35,64,235929600.000000000000000,0.109889948740602
37,36,64,235929600.000000000000000,0.117671845597215
38,37,64,235929600.000000000000000,0.119883688632399
39,38,56,206438400.000000000000000,0.119760701299778
40,39,64,235929600.000000000000000,0.118747819215059
41,40,64,235929600.000000000000000,0.117474003694952
42,41,64,235929600.000000000000000,0.116387934307568
43,42,32,117964800.000000000000000,0.115823411848396
44,43,64,235929600.000000000000000,0.107079213019460
45,44,64,235929600.000000000000000,0.112782373675145
46,45,64,235929600.000000000000000,0.115820015547797
47,46,56,206438400.000000000000000,0.116713696159422
48,47,64,235929600.000000000000000,0.116508902050555
49,48,64,235929600.000000000000000,0.115946547011845
50,49,64,235929600.000000000000000,0.114965298911557
51,50,32,117964800.000000000000000,0.114196859998628
52,51,64,235929600.000000000000000,0.113524143234827
53,52,64,235929600.000000000000000,0.112677447265014
54,53,32,117964800.000000000000000,0.111829470144585
55,54,16,58982400.000000000000000,0.109922522678971
56,55,64,235929600.000000000000000,0.090102785150521
57,56,56,206438400.000000000000000,0.094744355683880
58,57,64,235929600.000000000000000,0.100477546337061
59,58,64,235929600.000000000000000,0.086732143186964
60,59,64,235929600.000000000000000,0.090259636635892
61,60,56,206438400.000000000000000,0.094463980623654
62,61,64,235929600.000000000000000,0.099396566627547
63,62,64,235929600.000000000000000,0.104736502980813
64,63,64,235929600.000000000000000,0.109351993887685
65,64,64,235929600.000000000000000,0.112420019344427
66,65,56,206438400.000000000000000,0.113589441004608
67,66,64,235929600.000000000000000,0.113922165939584
68,67,32,117964800.000000000000000,0.085357041796669
69,68,32,117964800.000000000000000,0.087491011014208
70,69,32,117964800.000000000000000,0.090577393770218
71,70,28,103219200.000000000000000,0.094193227589130
72,71,32,117964800.000000000000000,0.098564084386453
73,72,32,117964800.000000000000000,0.103199878009036
74,73,32,117964800.000000000000000,0.107338781701401
75,74,32,117964800.000000000000000,0.110329176997766
76,75,28,103219200.000000000000000,0.111457414392914
77,76,32,117964800.000000000000000,0.111930220620707
78,77,32,117964800.000000000000000,0.111664345255122
79,78,32,117964800.000000000000000,0.110906783957034
80,79,16,58982400.000000000000000,0.080253390129656
81,80,32,117964800.000000000000000,0.082566942553967
82,81,32,117964800.000000000000000,0.085402302676812
83,82,32,117964800.000000000000000,0.087640982354060
84,83,32,117964800.000000000000000,0.089427676750347
85,84,28,103219200.000000000000000,0.089854989466923
86,85,32,117964800.000000000000000,0.086144163040444
87,86,32,117964800.000000000000000,0.085564772598445
88,87,32,117964800.000000000000000,0.085887287976220
89,88,32,117964800.000000000000000,0.085856232326478
90,89,32,117964800.000000000000000,0.085444343043491
91,90,28,103219200.000000000000000,0.084456190732973
92,91,32,117964800.000000000000000,0.082018231973052
93,92,64,235929600.000000000000000,0.083979585207999
94,93,64,235929600.000000000000000,0.086673522018827
95,94,64,235929600.000000000000000,0.088531725690700
96,95,64,235929600.000000000000000,0.090090600890107
97,96,56,206438400.000000000000000,0.090390286541411
98,97,64,235929600.000000000000000,0.088762302533723
99,98,64,235929600.000000000000000,0.087818857049569
100,99,64,235929600.000000000000000,0.087612689356320
101,100,64,235929600.000000000000000,0.087331124115735
102,101,32,117964800.000000000000000,0.083819330204278
103,102,64,235929600.000000000000000,0.085509782424197
104,103,64,235929600.000000000000000,0.087929285364226
105,104,64,235929600.000000000000000,0.088715011253953
106,105,64,235929600.000000000000000,0.090588170220144
107,106,56,206438400.000000000000000,0.092071870075805
108,107,64,235929600.000000000000000,0.091786075849086
109,108,64,235929600.000000000000000,0.090907122590579
110,109,64,235929600.000000000000000,0.090290530584753
111,110,32,117964800.000000000000000,0.084713946096599
112,111,64,235929600.000000000000000,0.085699112853035
113,112,64,235929600.000000000000000,0.086794692440890
114,113,64,235929600.000000000000000,0.087573133059777
115,114,64,235929600.000000000000000,0.090859725605696
116,115,56,206438400.000000000000000,0.093942025809416
117,116,64,235929600.000000000000000,0.094213369768113
118,117,64,235929600.000000000000000,0.093775083776563
119,118,32,117964800.000000000000000,0.085193915758282
120,119,64,235929600.000000000000000,0.085388940526173
121,120,64,235929600.000000000000000,0.085909266723320
122,121,64,235929600.000000000000000,0.087597498204559
123,122,64,235929600.000000000000000,0.090959754656069
124,123,56,206438400.000000000000000,0.093894281557628
125,124,64,235929600.000000000000000,0.095743980607949
126,125,28,103219200.000000000000000,0.085432213864156
127,126,56,206438400.000000000000000,0.084751288539597
128,127,56,206438400.000000000000000,0.084734369734568
129,128,56,206438400.000000000000000,0.087120448638286
130,129,56,206438400.000000000000000,0.090988640806505
131,130,49,180633600.000000000000000,0.093708432602639
132,131,32,117964800.000000000000000,0.084609451238066
133,132,64,235929600.000000000000000,0.083792136982083
134,133,64,235929600.000000000000000,0.083253548713401
135,134,64,235929600.000000000000000,0.086155564873479
136,135,32,117964800.000000000000000,0.084428397705778
137,136,64,235929600.000000000000000,0.083839022670873
138,137,64,235929600.000000000000000,0.083789820899256
139,138,32,117964800.000000000000000,0.084573153872043
140,139,64,235929600.000000000000000,0.084256738657132
141,140,32,117964800.000000000000000,0.083561731502414
142,141,32,117964800.000000000000000,0.083265615627170
143,142,32,117964800.000000000000000,0.082347056129947
144,143,32,117964800.000000000000000,0.082326182164252
145,144,32,117964800.000000000000000,0.082733596907929
146,145,28,103219200.000000000000000,0.083176459318825
147,146,32,117964800.000000000000000,0.083429990336299
148,147,32,117964800.000000000000000,0.083524833666161
149,148,64,235929600.000000000000000,0.086659210734069
150,149,56,206438400.000000000000000,0.085334280638822
151,150,64,235929600.000000000000000,0.083844390930608
152,151,64,235929600.000000000000000,0.082540177158080
153,152,64,235929600.000000000000000,0.082692560623400
154,153,64,235929600.000000000000000,0.083182648289949
155,154,56,206438400.000000000000000,0.083630753548018
156,155,64,235929600.000000000000000,0.084004064323381
157,156,64,235929600.000000000000000,0.089341968647204
158,157,64,235929600.000000000000000,0.088143797009252
159,158,56,206438400.000000000000000,0.086653969117573
160,159,64,235929600.000000000000000,0.085250943666324
161,160,64,235929600.000000000000000,0.084060291992500
162,161,64,235929600.000000000000000,0.083791917306371
163,162,64,235929600.000000000000000,0.083974265377037
164,163,56,206438400.000000000000000,0.084372785607619
165,164,64,235929600.000000000000000,0.084665200440213
166,165,64,235929600.000000000000000,0.093197032227181
167,166,64,235929600.000000000000000,0.091596121434122
168,167,64,235929600.000000000000000,0.090106261544861
169,168,56,206438400.000000000000000,0.088358379102179
170,169,64,235929600.000000000000000,0.086878467816859
171,170,64,235929600.000000000000000,0.085618688957766
172,171,64,235929600.000000000000000,0.084946960094385
173,172,64,235929600.000000000000000,0.084626566153020
174,173,56,206438400.000000000000000,0.084688127839140
175,174,64,235929600.000000000000000,0.096703050192446
176,175,64,235929600.000000000000000,0.096189541509375
177,176,64,235929600.000000000000000,0.094474800163880
178,177,64,235929600.000000000000000,0.092369623947889
179,178,56,206438400.000000000000000,0.090273291138666
180,179,64,235929600.000000000000000,0.088081080466509
181,180,64,235929600.000000000000000,0.086575924186036
182,181,64,235929600.000000000000000,0.085782749461941
183,182,64,235929600.000000000000000,0.085138150723651
184,183,56,206438400.000000000000000,0.096579928350236
185,184,56,206438400.000000000000000,0.099569158495537
186,185,56,206438400.000000000000000,0.099719990177878
187,186,56,206438400.000000000000000,0.097725305174078
188,187,56,206438400.000000000000000,0.095013082692666
189,188,49,180633600.000000000000000,0.091763983575665
190,189,56,206438400.000000000000000,0.088913415159498
191,190,56,206438400.000000000000000,0.087060279212892
192,191,56,206438400.000000000000000,0.085885401282992
193,192,56,206438400.000000000000000,0.085279233620635
194,193,64,235929600.000000000000000,0.090137134306133
195,194,56,206438400.000000000000000,0.093427192020629
196,195,64,235929600.000000000000000,0.097178370691836
197,196,64,235929600.000000000000000,0.104168416350149
198,197,64,235929600.000000000000000,0.104004710330628
199,198,64,235929600.000000000000000,0.100813043653034
200,199,64,235929600.000000000000000,0.096715366118588
201,200,56,206438400.000000000000000,0.092898966611496
202,201,64,235929600.000000000000000,0.089437590329908
203,202,64,235929600.000000000000000,0.087143067503348
204,203,64,235929600.000000000000000,0.085890596034005
205,204,64,235929600.000000000000000,0.085910712718032
206,205,64,235929600.000000000000000,0.089788900921121
207,206,56,206438400.000000000000000,0.094362422956952
208,207,64,235929600.000000000000000,0.101132169249468
209,208,64,235929600.000000000000000,0.109818844823167
210,209,64,235929600.000000000000000,0.107531543471850
211,210,64,235929600.000000000000000,0.102870063041337
212,211,64,235929600.000000000000000,0.098201002227142
213,212,56,206438400.000000000000000,0.093792434382652
214,213,64,235929600.000000000000000,0.089513115235604
215,214,64,235929600.000000000000000,0.086926133022644
216,215,64,235929600.000000000000000,0.084289566962980
217,216,64,235929600.000000000000000,0.085865864413790
218,217,64,235929600.000000000000000,0.089029515162110
219,218,56,206438400.000000000000000,0.093303574648287
220,219,64,235929600.000000000000000,0.099440042860806
221,220,64,235929600.000000000000000,0.105031739454716
222,221,64,235929600.000000000000000,0.105255772010423
223,222,64,235929600.000000000000000,0.102990179904737
224,223,64,235929600.000000000000000,0.099085615947843
225,224,56,206438400.000000000000000,0.094686611555517
226,225,64,235929600.000000000000000,0.089992696302943
227,226,64,235929600.000000000000000,0.086689569172449
228,227,64,235929600.000000000000000,0.083876000833698
229,228,64,235929600.000000000000000,0.084216114482842
230,229,64,235929600.000000000000000,0.085217694053426
231,230,64,235929600.000000000000000,0.087497072992846
232,231,56,206438400.000000000000000,0.090004572511784
233,232,64,235929600.000000000000000,0.092846274492331
234,233,64,235929600.000000000000000,0.098655632114969
235,234,64,235929600.000000000000000,0.102109179832041
236,235,64,235929600.000000000000000,0.102558421902359
237,236,64,235929600.000000000000000,0.099932973855175
238,237,56,206438400.000000000000000,0.095981920271048
239,238,64,235929600.000000000000000,0.091012581251562
240,239,32,117964800.000000000000000,0.082328904420137
241,240,64,235929600.000000000000000,0.083110503619537
242,241,64,235929600.000000000000000,0.083916125004180
243,242,64,235929600.000000000000000,0.084836063324474
244,243,64,235929600.000000000000000,0.086234178161249
245,244,56,206438400.000000000000000,0.088200711512140
246,245,64,235929600.000000000000000,0.090996195562184
247,246,64,235929600.000000000000000,0.095240179332905
248,247,64,235929600.000000000000000,0.099395130993798
249,248,64,235929600.000000000000000,0.101630225544795
250,249,64,235929600.000000000000000,0.099847514065914
251,250,56,206438400.000000000000000,0.097424266194659
252,251,28,103219200.000000000000000,0.081096453326089
253,252,56,206438400.000000000000000,0.082359909878245
254,253,56,206438400.000000000000000,0.083498213706272
255,254,56,206438400.000000000000000,0.084325453266501
256,255,56,206438400.000000000000000,0.085332022181579
257,256,49,180633600.000000000000000,0.087339895264227
258,257,56,206438400.000000000000000,0.090214731304773
259,258,56,206438400.000000000000000,0.093269077528800
260,259,56,206438400.000000000000000,0.096315093338490
261,260,56,206438400.000000000000000,0.098098816882287
262,261,56,206438400.000000000000000,0.097960558586887
263,262,49,180633600.000000000000000,0.097899970199381
264,263,32,117964800.000000000000000,0.079736762214452
265,264,64,235929600.000000000000000,0.081803399603814
266,265,64,235929600.000000000000000,0.083139776252210
267,266,64,235929600.000000000000000,0.083794922102243
268,267,64,235929600.000000000000000,0.084685100475326
269,268,56,206438400.000000000000000,0.086411681691451
270,269,64,235929600.000000000000000,0.089180167648010
271,270,64,235929600.000000000000000,0.091972055146471
272,271,64,235929600.000000000000000,0.093471559230238
273,272,64,235929600.000000000000000,0.094012722722255
274,273,64,235929600.000000000000000,0.093855556100607
275,274,32,117964800.000000000000000,0.076744159916416
276,275,64,235929600.000000000000000,0.080453605623916
277,276,64,235929600.000000000000000,0.081798411207274
278,277,64,235929600.000000000000000,0.082252787542529
279,278,64,235929600.000000000000000,0.083194179809652
280,279,56,206438400.000000000000000,0.085026706435851
281,280,64,235929600.000000000000000,0.087887273752131
282,281,64,235929600.000000000000000,0.090926405158825
283,282,64,235929600.000000000000000,0.090656667598523
284,283,64,235929600.000000000000000,0.089107728330418
285,284,64,235929600.000000000000000,0.087913914583623
286,285,32,117964800.000000000000000,0.071630555903539
287,286,64,235929600.000000000000000,0.075711695943028
288,287,64,235929600.000000000000000,0.078839238150977
289,288,64,235929600.000000000000000,0.080376727157272
290,289,64,235929600.000000000000000,0.081574568990618
291,290,56,206438400.000000000000000,0.082851148077420
292,291,64,235929600.000000000000000,0.085826897528023
293,292,64,235929600.000000000000000,0.088271402870305
294,293,64,235929600.000000000000000,0.088172486517578
295,294,64,235929600.000000000000000,0.085354124079458
296,295,32,117964800.000000000000000,0.071188707137480
297,296,64,235929600.000000000000000,0.073613966349512
298,297,64,235929600.000000000000000,0.076714328373782
299,298,64,235929600.000000000000000,0.078919099876657
300,299,64,235929600.000000000000000,0.080577235436067
301,300,56,206438400.000000000000000,0.082279499088015
302,301,64,235929600.000000000000000,0.084514237008989
303,302,64,235929600.000000000000000,0.086496611475013
304,303,64,235929600.000000000000000,0.087192882900126
305,304,28,103219200.000000000000000,0.071776698476502
306,305,56,206438400.000000000000000,0.073470133090658
307,306,56,206438400.000000000000000,0.075902100120272
308,307,56,206438400.000000000000000,0.078172263822385
309,308,56,206438400.000000000000000,0.080134836291628
310,309,49,180633600.000000000000000,0.082041176150040
311,310,56,206438400.000000000000000,0.083898024367435
312,311,56,206438400.000000000000000,0.085428202657827
313,312,56,206438400.000000000000000,0.086263089573809
314,313,32,117964800.000000000000000,0.072236616397277
315,314,64,235929600.000000000000000,0.073663360788487
316,315,64,235929600.000000000000000,0.075756527949125
317,316,64,235929600.000000000000000,0.077906336868182
318,317,64,235929600.000000000000000,0.079974602325819
319,318,56,206438400.000000000000000,0.081856402701565
320,319,64,235929600.000000000000000,0.083439873298630
321,320,64,235929600.000000000000000,0.084871661849320
322,321,32,117964800.000000000000000,0.072957815369591
323,322,64,235929600.000000000000000,0.074037083773874
324,323,64,235929600.000000000000000,0.075714795035310
325,324,64,235929600.000000000000000,0.077625174191780
326,325,64,235929600.000000000000000,0.079589122091420
327,326,56,206438400.000000000000000,0.081379659340850
328,327,64,235929600.000000000000000,0.082937735016458
329,328,32,117964800.000000000000000,0.073196452809498
330,329,64,235929600.000000000000000,0.074250209378079
331,330,64,235929600.000000000000000,0.075809986912645
332,331,64,235929600.000000000000000,0.077510166796856
333,332,64,235929600.000000000000000,0.079258717945777
334,333,56,206438400.000000000000000,0.080870191832738
335,334,64,235929600.000000000000000,0.082368149771355
336,335,32,117964800.000000000000000,0.073351585306227
337,336,64,235929600.000000000000000,0.074468453531154
338,337,64,235929600.000000000000000,0.075775031582452
339,338,64,235929600.000000000000000,0.077353345230222
340,339,64,235929600.000000000000000,0.078941866289824
341,340,56,206438400.000000000000000,0.080402107244091
342,341,28,103219200.000000000000000,0.073797974735498
343,342,56,206438400.000000000000000,0.074396613985300
344,343,56,206438400.000000000000000,0.075554109843714
345,344,56,206438400.000000000000000,0.076860861719719
346,345,56,206438400.000000000000000,0.078380873027657
347,346,32,117964800.000000000000000,0.074203203665093
348,347,64,235929600.000000000000000,0.074872762663290
349,348,64,235929600.000000000000000,0.075815374031663
350,349,64,235929600.000000000000000,0.076976789045148
351,350,64,235929600.000000000000000,0.078445085906424
352,351,32,117964800.000000000000000,0.074429773027077
353,352,64,235929600.000000000000000,0.075082766707055
354,353,64,235929600.000000000000000,0.076056708348915
355,354,64,235929600.000000000000000,0.077335332869552
356,355,32,117964800.000000000000000,0.074573313118890
357,356,64,235929600.000000000000000,0.075162779656239
358,357,64,235929600.000000000000000,0.076094407588243
359,358,64,235929600.000000000000000,0.077335631358437
360,359,32,117964800.000000000000000,0.074682146077976
361,360,64,235929600.000000000000000,0.075247535947710
362,361,64,235929600.000000000000000,0.076182074146345
363,362,32,117964800.000000000000000,0.074838952627033
364,363,64,235929600.000000000000000,0.075405730865896
365,364,28,103219200.000000000000000,0.074965368956327
366,365,56,206438400.000000000000000,0.075508561118373
367,366,32,117964800.000000000000000,0.075082411291078
368,367,56,206438400.000000000000000,0.085178171683635
369,368,49,180633600.000000000000000,0.086063008831472
370,369,64,235929600.000000000000000,0.087391340755858
371,370,56,206438400.000000000000000,0.087448876085026
372,371,64,235929600.000000000000000,0.087989914929494
373,372,64,235929600.000000000000000,0.089385111234151
374,373,64,235929600.000000000000000,0.088407253497280
375,374,56,206438400.000000000000000,0.088809264158564
376,375,64,235929600.000000000000000,0.088811105815694
377,376,64,235929600.000000000000000,0.088417090475559
378,377,64,235929600.000000000000000,0.091951968614012
379,378,64,235929600.000000000000000,0.090278305578977
380,379,64,235929600.000000000000000,0.089602857013233
381,380,56,206438400.000000000000000,0.089655945609723
382,381,64,235929600.000000000000000,0.089244733331725
383,382,64,235929600.000000000000000,0.088787905755453
384,383,64,235929600.000000000000000,0.087909682537429
385,384,64,235929600.000000000000000,0.092695849481970
386,385,64,235929600.000000000000000,0.091123067657463
387,386,64,235929600.000000000000000,0.090601955656894
388,387,56,206438400.000000000000000,0.090414981357753
389,388,64,235929600.000000000000000,0.090532298781909
390,389,64,235929600.000000000000000,0.089501613983884
391,390,64,235929600.000000000000000,0.089255408500321
392,391,64,235929600.000000000000000,0.088868638151325
393,392,56,206438400.000000000000000,0.094639307154076
394,393,56,206438400.000000000000000,0.093005966262094
395,394,56,206438400.000000000000000,0.091735730612917
396,395,56,206438400.000000000000000,0.091399928687939
397,396,49,180633600.000000000000000,0.091321080618975
398,397,56,206438400.000000000000000,0.090423300463174
399,398,56,206438400.000000000000000,0.089349466109914
400,399,56,206438400.000000000000000,0.089326838563595
401,400,56,206438400.000000000000000,0.087463912287993
402,401,64,235929600.000000000000000,0.094560213503428
403,402,64,235929600.000000000000000,0.093538196757436
404,403,64,235929600.000000000000000,0.091999678523280
405,404,64,235929600.000000000000000,0.090546671766788
406,405,64,235929600.000000000000000,0.090441265841946
407,406,56,206438400.000000000000000,0.090359020579074
408,407,64,235929600.000000000000000,0.089341518236324
409,408,64,235929600.000000000000000,0.089085511281155
410,409,64,235929600.000000000000000,0.088501968304627
411,410,64,235929600.000000000000000,0.086719180806540
412,411,56,206438400.000000000000000,0.085830020452184
413,412,56,206438400.000000000000000,0.094085965837751
414,413,64,235929600.000000000000000,0.093796539702453
415,414,64,235929600.000000000000000,0.093008275493048
416,415,64,235929600.000000000000000,0.091592475306243
417,416,64,235929600.000000000000000,0.090446213493124
418,417,64,235929600.000000000000000,0.089856104692444
419,418,56,206438400.000000000000000,0.089648697259171
420,419,64,235929600.000000000000000,0.089273709570989
421,420,64,235929600.000000000000000,0.089003379805945
422,421,64,235929600.000000000000000,0.088441122323275
423,422,64,235929600.000000000000000,0.086921415175311
424,423,56,206438400.000000000000000,0.086383776074009
425,424,64,235929600.000000000000000,0.086309591424651
426,425,56,206438400.000000000000000,0.093678962173206
427,426,64,235929600.000000000000000,0.093536569504067
428,427,64,235929600.000000000000000,0.092737064114772
429,428,64,235929600.000000000000000,0.091673226910643
430,429,64,235929600.000000000000000,0.090394744765945
431,430,64,235929600.000000000000000,0.089592399075627
432,431,56,206438400.000000000000000,0.089640097958701
433,432,64,235929600.000000000000000,0.089846408111043
434,433,64,235929600.000000000000000,0.089751424384303
435,434,64,235929600.000000000000000,0.089128031861037
436,435,64,235929600.000000000000000,0.087860436877236
437,436,56,206438400.000000000000000,0.087183489198131
438,437,64,235929600.000000000000000,0.086503153666854
439,438,64,235929600.000000000000000,0.086374749196693
440,439,64,235929600.000000000000000,0.093331026844680
441,440,56,206438400.000000000000000,0.093633597317551
442,441,64,235929600.000000000000000,0.093570797587745
443,442,64,235929600.000000000000000,0.092945014708675
444,443,64,235929600.000000000000000,0.091836605803110
445,444,64,235929600.000000000000000,0.090364066767506
446,445,64,235929600.000000000000000,0.089648833149113
447,446,56,206438400.000000000000000,0.090148569084704
448,447,64,235929600.000000000000000,0.090974698425271
449,448,64,235929600.000000000000000,0.091503420029767
450,449,64,235929600.000000000000000,0.090803151251748
451,450,64,235929600.000000000000000,0.089377965312451
452,451,56,206438400.000000000000000,0.087982872367970
453,452,64,235929600.000000000000000,0.087388627813198
454,453,64,235929600.000000000000000,0.087521846406162
455,454,64,235929600.000000000000000,0.087996141752228
456,455,56,206438400.000000000000000,0.092046931385994
457,456,56,206438400.000000000000000,0.092912458947727
458,457,49,180633600.000000000000000,0.093963938252050
459,458,56,206438400.000000000000000,0.094268503998007
460,459,56,206438400.000000000000000,0.093715844542852
461,460,56,206438400.000000000000000,0.092320656536945
462,461,56,206438400.000000000000000,0.090685785881111
463,462,56,206438400.000000000000000,0.089780732856265
464,463,49,180633600.000000000000000,0.091145584777910
465,464,56,206438400.000000000000000,0.093252141560827
466,465,56,206438400.000000000000000,0.094246592638748
467,466,56,206438400.000000000000000,0.093784395605326
468,467,56,206438400.000000000000000,0.091632329858840
469,468,49,180633600.000000000000000,0.089547590485641
470,469,56,206438400.000000000000000,0.089062356257013
471,470,56,206438400.000000000000000,0.089152271859348
472,471,56,206438400.000000000000000,0.089501567584063
473,472,28,103219200.000000000000000,0.090111090668610
474,473,64,235929600.000000000000000,0.091120476135984
475,474,64,235929600.000000000000000,0.092799525591545
476,475,56,206438400.000000000000000,0.094593503911580
477,476,64,235929600.000000000000000,0.095755187212490
478,477,64,235929600.000000000000000,0.095770826097578
479,478,64,235929600.000000000000000,0.094808491761796
480,479,64,235929600.000000000000000,0.092745821573772
481,480,64,235929600.000000000000000,0.090786236105487
482,481,56,206438400.000000000000000,0.094036976673773
483,482,64,235929600.000000000000000,0.097636962775141
484,483,64,235929600.000000000000000,0.099128515226766
485,484,64,235929600.000000000000000,0.098593785427511
486,485,64,235929600.000000000000000,0.095883754314855
487,486,56,206438400.000000000000000,0.092571182309517
488,487,64,235929600.000000000000000,0.092342094052583
489,488,64,235929600.000000000000000,0.092014219611883
490,489,64,235929600.000000000000000,0.091679902514443
491,490,64,235929600.000000000000000,0.088003186858259
492,491,64,235929600.000000000000000,0.090521608479321
493,492,64,235929600.000000000000000,0.093052887474187
494,493,56,206438400.000000000000000,0.095644213259220
495,494,64,235929600.000000000000000,0.097716063959524
496,495,64,235929600.000000000000000,0.098923448706046
497,496,64,235929600.000000000000000,0.098562968079932
498,497,64,235929600.000000000000000,0.097416049567983
499,498,64,235929600.000000000000000,0.095514914835803
500,499,56,206438400.000000000000000,0.099909963086247
501,500,64,235929600.000000000000000,0.105132348602638
502,501,64,235929600.000000000000000,0.106715250876732
503,502,64,235929600.000000000000000,0.105630028992891
504,503,64,235929600.000000000000000,0.103656421415508
505,504,56,206438400.000000000000000,0.101235585686352
506,505,64,235929600.000000000000000,0.099443818209693
507,506,64,235929600.000000000000000,0.097248596255668
508,507,64,235929600.000000000000000,0.085839689942077
509,508,64,235929600.000000000000000,0.087799486704171
510,509,64,235929600.000000000000000,0.090437146369368
511,510,64,235929600.000000000000000,0.093235361506231
512,511,56,206438400.000000000000000,0.096111907357616
513,512,64,235929600.000000000000000,0.098569539259188
514,513,64,235929600.000000000000000,0.101368780597113
515,514,64,235929600.000000000000000,0.100927173160017
516,515,64,235929600.000000000000000,0.100212804158218
517,516,64,235929600.000000000000000,0.100965611520223
518,517,56,206438400.000000000000000,0.105998823286167
519,518,64,235929600.000000000000000,0.112736904993653
520,519,64,235929600.000000000000000,0.113462881185114
521,520,64,235929600.000000000000000,0.113114406238310
522,521,64,235929600.000000000000000,0.112904322915711
523,522,56,206438400.000000000000000,0.111822455323168
524,523,56,206438400.000000000000000,0.085120952022927
525,524,64,235929600.000000000000000,0.085916929063387
526,525,64,235929600.000000000000000,0.087313965777867
527,526,64,235929600.000000000000000,0.089157602051273
528,527,64,235929600.000000000000000,0.091431392705999
529,528,56,206438400.000000000000000,0.094296937808394
530,529,64,235929600.000000000000000,0.096680648392066
531,530,64,235929600.000000000000000,0.099051809054799
532,531,64,235929600.000000000000000,0.099947227980010
533,532,64,235929600.000000000000000,0.100744569906965
534,533,64,235929600.000000000000000,0.102836079429835
535,534,56,206438400.000000000000000,0.106939688591020
536,535,64,235929600.000000000000000,0.112313487334177
537,536,64,235929600.000000000000000,0.115790744894184
538,537,64,235929600.000000000000000,0.118006777134724
539,538,64,235929600.000000000000000,0.119939572061412
540,539,56,206438400.000000000000000,0.084810949595911
541,540,64,235929600.000000000000000,0.085233223275281
542,541,64,235929600.000000000000000,0.086182060651481
543,542,64,235929600.000000000000000,0.088063024566509
544,543,64,235929600.000000000000000,0.090070314123295
545,544,56,206438400.000000000000000,0.091857049215053
546,545,64,235929600.000000000000000,0.093504575197585
547,546,64,235929600.000000000000000,0.095248767291196
548,547,64,235929600.000000000000000,0.096704184892587
549,548,64,235929600.000000000000000,0.098502040142193
550,549,64,235929600.000000000000000,0.100904359598644
551,550,56,206438400.000000000000000,0.104435750017209
552,551,64,235929600.000000000000000,0.109462737222202
553,552,64,235929600.000000000000000,0.115432489779778
554,553,64,235929600.000000000000000,0.120264332275838
555,554,56,206438400.000000000000000,0.084602419686105
556,555,49,180633600.000000000000000,0.084544281874384
557,556,56,206438400.000000000000000,0.084880892719541
558,557,56,206438400.000000000000000,0.085638234524855
559,558,56,206438400.000000000000000,0.087044394308967
560,559,56,206438400.000000000000000,0.088562199579818
561,560,49,180633600.000000000000000,0.089302950367636
562,561,56,206438400.000000000000000,0.090094254884337
563,562,56,206438400.000000000000000,0.091118044219911
564,563,56,206438400.000000000000000,0.092182960893427
565,564,56,206438400.000000000000000,0.094303816157792
566,565,56,206438400.000000000000000,0.097150537850601
567,566,49,180633600.000000000000000,0.100505927843707
568,567,56,206438400.000000000000000,0.105663491812135
569,568,56,206438400.000000000000000,0.114101207549019
570,569,64,235929600.000000000000000,0.083666102378629
571,570,64,235929600.000000000000000,0.084454586030915
572,571,56,206438400.000000000000000,0.084389774261841
573,572,64,235929600.000000000000000,0.084517896408215
574,573,64,235929600.000000000000000,0.084999244776554
575,574,64,235929600.000000000000000,0.085879646358080
576,575,64,235929600.000000000000000,0.086787838605233
577,576,56,206438400.000000000000000,0.086801406262176
578,577,64,235929600.000000000000000,0.086732970434241
579,578,64,235929600.000000000000000,0.086701162857935
580,579,64,235929600.000000000000000,0.087156334891915
581,580,64,235929600.000000000000000,0.089844734524377
582,581,64,235929600.000000000000000,0.093370370566845
583,582,56,206438400.000000000000000,0.096691688256604
584,583,64,235929600.000000000000000,0.101335394429043
585,584,64,235929600.000000000000000,0.082121768500656
586,585,64,235929600.000000000000000,0.084116296144202
587,586,64,235929600.000000000000000,0.084261254407465
588,587,56,206438400.000000000000000,0.083996315619775
589,588,64,235929600.000000000000000,0.084036308922805
590,589,64,235929600.000000000000000,0.084504431579262
591,590,64,235929600.000000000000000,0.084967527771369
592,591,64,235929600.000000000000000,0.085405173478648
593,592,56,206438400.000000000000000,0.085035565841411
594,593,64,235929600.000000000000000,0.084021679591388
595,594,64,235929600.000000000000000,0.083076479029842
596,595,64,235929600.000000000000000,0.082813889952376
597,596,64,235929600.000000000000000,0.086439485079609
598,597,64,235929600.000000000000000,0.090830166940577
599,598,64,235929600.000000000000000,0.081679874914698
600,599,64,235929600.000000000000000,0.082906709401868
601,600,64,235929600.000000000000000,0.083212412544526
602,601,56,206438400.000000000000000,0.083103333466819
603,602,64,235929600.000000000000000,0.083464110386558
604,603,64,235929600.000000000000000,0.084374862723053
605,604,64,235929600.000000000000000,0.084432555828243
606,605,64,235929600.000000000000000,0.084347961237654
607,606,56,206438400.000000000000000,0.083985743778093
608,607,64,235929600.000000000000000,0.082896400010213
609,608,64,235929600.000000000000000,0.082329756463878
610,609,64,235929600.000000000000000,0.083075757254846
611,610,64,235929600.000000000000000,0.085919111617841
612,611,64,235929600.000000000000000,0.079446848132648
613,612,64,235929600.000000000000000,0.080532714026049
614,613,64,235929600.000000000000000,0.081494890851900
615,614,64,235929600.000000000000000,0.081845119595528
616,615,56,206438400.000000000000000,0.082494966153588
617,616,64,235929600.000000000000000,0.083089826046489
618,617,64,235929600.000000000000000,0.083634034032002
619,618,64,235929600.000000000000000,0.084163984400220
620,619,64,235929600.000000000000000,0.084034865372814
621,620,56,206438400.000000000000000,0.083711438014039
622,621,64,235929600.000000000000000,0.082804802688770
623,622,64,235929600.000000000000000,0.083108126535080
624,623,64,235929600.000000000000000,0.084398775710724
625,624,28,103219200.000000000000000,0.077714494562575
626,625,32,117964800.000000000000000,0.078630344709381
627,626,32,117964800.000000000000000,0.079775206744671
628,627,32,117964800.000000000000000,0.080588782904670
629,628,32,117964800.000000000000000,0.081019973149523
630,629,28,103219200.000000000000000,0.082365546109421
631,630,32,117964800.000000000000000,0.082619003253058
632,631,32,117964800.000000000000000,0.083331774920225
633,632,32,117964800.000000000000000,0.084129980532452
634,633,32,117964800.000000000000000,0.084066070150584
635,634,28,103219200.000000000000000,0.083360586847578
636,635,32,117964800.000000000000000,0.083164827665314
637,636,32,117964800.000000000000000,0.083794264588505
638,637,32,117964800.000000000000000,0.083314316580072
639,638,64,235929600.000000000000000,0.083849071175791
640,639,64,235929600.000000000000000,0.083517937106080
641,640,64,235929600.000000000000000,0.083204755443148
642,641,64,235929600.000000000000000,0.084216355346143
643,642,64,235929600.000000000000000,0.083701344556175
644,643,64,235929600.000000000000000,0.083268653368577
645,644,64,235929600.000000000000000,0.084603248047642
646,645,64,235929600.000000000000000,0.084212531452067
647,646,64,235929600.000000000000000,0.083746280404739
648,647,64,235929600.000000000000000,0.083247690345161
649,648,56,206438400.000000000000000,0.082830757700971
650,649,56,206438400.000000000000000,0.084773293164160
651,650,64,235929600.000000000000000,0.084542721626349
652,651,64,235929600.000000000000000,0.084114142111503
653,652,64,235929600.000000000000000,0.083690920262598
654,653,64,235929600.000000000000000,0.083165416726843
655,654,56,206438400.000000000000000,0.082744862485145
656,655,64,235929600.000000000000000,0.082668234244920
657,656,49,180633600.000000000000000,0.084816172414896
658,657,56,206438400.000000000000000,0.084429231339267
659,658,56,206438400.000000000000000,0.084203018008598
660,659,56,206438400.000000000000000,0.083615145779082
661,660,56,206438400.000000000000000,0.083093421001519
662,661,49,180633600.000000000000000,0.082750874058324
663,662,56,206438400.000000000000000,0.082563751776304
664,663,56,206438400.000000000000000,0.082548770255276
665,664,64,235929600.000000000000000,0.085462946211919
666,665,56,206438400.000000000000000,0.084878712759486
667,666,64,235929600.000000000000000,0.084569905418903
668,667,64,235929600.000000000000000,0.084186625550501
669,668,64,235929600.000000000000000,0.083585279178806
670,669,64,235929600.000000000000000,0.083103263401426
671,670,56,206438400.000000000000000,0.082745150662959
672,671,64,235929600.000000000000000,0.082521076197736
673,672,64,235929600.000000000000000,0.082442728918977
674,673,64,235929600.000000000000000,0.085740544367582
675,674,64,235929600.000000000000000,0.085624428233132
676,675,56,206438400.000000000000000,0.085168744437397
677,676,64,235929600.000000000000000,0.084559131762944
678,677,64,235929600.000000000000000,0.084134109318256
679,678,64,235929600.000000000000000,0.083771846722811
680,679,64,235929600.000000000000000,0.083313709124923
681,680,56,206438400.000000000000000,0.082678583982800
682,681,64,235929600.000000000000000,0.082319793640636
683,682,64,235929600.000000000000000,0.082457110867836
684,683,64,235929600.000000000000000,0.082373162149452
685,684,64,235929600.000000000000000,0.085807037074119
686,685,64,235929600.000000000000000,0.086157237412408
687,686,56,206438400.000000000000000,0.086227513849735
688,687,64,235929600.000000000000000,0.085763282608241
689,688,64,235929600.000000000000000,0.084982703789137
690,689,64,235929600.000000000000000,0.084623519796878
691,690,64,235929600.000000000000000,0.083892066730186
692,691,56,206438400.000000000000000,0.082966859718519
693,692,64,235929600.000000000000000,0.082429368514568
694,693,64,235929600.000000000000000,0.082404562737793
695,694,64,235929600.000000000000000,0.082703714957461
696,695,64,235929600.000000000000000,0.083000375423580
697,696,64,235929600.000000000000000,0.086656461469829
698,697,64,235929600.000000000000000,0.086127269896679
699,698,64,235929600.000000000000000,0.087702831136994
700,699,56,206438400.000000000000000,0.088356961895313
701,700,64,235929600.000000000000000,0.088195012765937
702,701,64,235929600.000000000000000,0.087467447970994
703,702,64,235929600.000000000000000,0.086633591796272
704,703,64,235929600.000000000000000,0.085456713102758
705,704,56,206438400.000000000000000,0.084163581287222
706,705,64,235929600.000000000000000,0.083067575236782
707,706,64,235929600.000000000000000,0.083206576411612
708,707,64,235929600.000000000000000,0.083584609674290
709,708,64,235929600.000000000000000,0.083830998046324
710,709,64,235929600.000000000000000,0.084038291359320
711,710,64,235929600.000000000000000,0.093618202256039
712,711,64,235929600.000000000000000,0.087557707447559
713,712,64,235929600.000000000000000,0.087964874110185
714,713,64,235929600.000000000000000,0.090166619629599
715,714,56,206438400.000000000000000,0.091286010641072
716,715,64,235929600.000000000000000,0.091182701289654
717,716,64,235929600.000000000000000,0.090593420783989
718,717,64,235929600.000000000000000,0.089364024810493
719,718,64,235929600.000000000000000,0.087837225408293
720,719,56,206438400.000000000000000,0.086530336045793
721,720,64,235929600.000000000000000,0.085516446153633
722,721,64,235929600.000000000000000,0.085088137653656
723,722,64,235929600.000000000000000,0.085085547994822
724,723,64,235929600.000000000000000,0.085173489176668
725,724,64,235929600.000000000000000,0.085363740567118
726,725,56,206438400.000000000000000,0.097921112951423
727,726,56,206438400.000000000000000,0.093022272522960
728,727,56,206438400.000000000000000,0.091803668998182
729,728,56,206438400.000000000000000,0.093209736315267
730,729,49,180633600.000000000000000,0.094856166261799
731,730,56,206438400.000000000000000,0.094086819727506
732,731,56,206438400.000000000000000,0.092767615004310
733,732,56,206438400.000000000000000,0.091598195023835
734,733,56,206438400.000000000000000,0.090091920723873
735,734,49,180633600.000000000000000,0.088928119564543
736,735,56,206438400.000000000000000,0.087912761074092
737,736,56,206438400.000000000000000,0.087224390889917
738,737,56,206438400.000000000000000,0.086923588599477
739,738,56,206438400.000000000000000,0.086830366935049
740,739,56,206438400.000000000000000,0.086377165147236
741,740,56,206438400.000000000000000,0.094452525355986
742,741,64,235929600.000000000000000,0.095197807066143
743,742,64,235929600.000000000000000,0.094239359255880
744,743,64,235929600.000000000000000,0.094035914982669
745,744,64,235929600.000000000000000,0.094901541480795
746,745,56,206438400.000000000000000,0.097828183190099
747,746,64,235929600.000000000000000,0.095117195043713
748,747,64,235929600.000000000000000,0.093104113242589
749,748,64,235929600.000000000000000,0.092347944155335
750,749,64,235929600.000000000000000,0.091614522389136
751,750,56,206438400.000000000000000,0.090932360051998
752,751,64,235929600.000000000000000,0.090103061869740
753,752,64,235929600.000000000000000,0.089521203539334
754,753,64,235929600.000000000000000,0.088979552732781
755,754,64,235929600.000000000000000,0.088160816114396
756,755,56,206438400.000000000000000,0.089202516845294
757,756,64,235929600.000000000000000,0.090970756486058
758,757,64,235929600.000000000000000,0.092172660515644
759,758,64,235929600.000000000000000,0.092919204966165
760,759,64,235929600.000000000000000,0.093807854806073
761,760,56,206438400.000000000000000,0.093688573023038
762,761,64,235929600.000000000000000,0.091638398240320
763,762,64,235929600.000000000000000,0.091851533856243
764,763,64,235929600.000000000000000,0.092555567040108
765,764,64,235929600.000000000000000,0.092649819795042
766,765,56,206438400.000000000000000,0.092641267925501
767,766,64,235929600.000000000000000,0.092237724806182
768,767,64,235929600.000000000000000,0.091766806901433
769,768,64,235929600.000000000000000,0.090646406752057
770,769,64,235929600.000000000000000,0.082648408948444
771,770,56,206438400.000000000000000,0.085259104147553
772,771,64,235929600.000000000000000,0.088243129313923
773,772,64,235929600.000000000000000,0.090481383143924
774,773,64,235929600.000000000000000,0.091083072009496
775,774,64,235929600.000000000000000,0.091484255157411
776,775,56,206438400.000000000000000,0.090107110861157
777,776,64,235929600.000000000000000,0.088790636276826
778,777,64,235929600.000000000000000,0.092238488723524
779,778,64,235929600.000000000000000,0.093314926140010
780,779,64,235929600.000000000000000,0.093772553373128
781,780,56,206438400.000000000000000,0.094737341494433
782,781,64,235929600.000000000000000,0.094942322233692
783,782,64,235929600.000000000000000,0.093765729689039
784,783,64,235929600.000000000000000,0.085111429682001
785,784,64,235929600.000000000000000,0.083484678412788
786,785,56,206438400.000000000000000,0.084711148403585
787,786,64,235929600.000000000000000,0.086726985988207
788,787,64,235929600.000000000000000,0.088229632237926
789,788,64,235929600.000000000000000,0.089202497620136
790,789,64,235929600.000000000000000,0.090347316581756
791,790,56,206438400.000000000000000,0.090466849638947
792,791,64,235929600.000000000000000,0.092117317486554
793,792,64,235929600.000000000000000,0.095953726791777
794,793,64,235929600.000000000000000,0.094182964763604
795,794,64,235929600.000000000000000,0.094440978253260
796,795,56,206438400.000000000000000,0.095809190800147
797,796,64,235929600.000000000000000,0.096691973390989
798,797,64,235929600.000000000000000,0.095037810271606
799,798,56,206438400.000000000000000,0.085737938327449
800,799,56,206438400.000000000000000,0.085360834108932
801,800,49,180633600.000000000000000,0.085569592306809
802,801,56,206438400.000000000000000,0.086906483929072
803,802,56,206438400.000000000000000,0.088318394097899
804,803,56,206438400.000000000000000,0.089660232088396
805,804,56,206438400.000000000000000,0.090909433418087
806,805,49,180633600.000000000000000,0.092034264486663
807,806,56,206438400.000000000000000,0.093660545269293
808,807,56,206438400.000000000000000,0.095437800378672
809,808,56,206438400.000000000000000,0.094922800016190
810,809,56,206438400.000000000000000,0.094693419789629
811,810,49,180633600.000000000000000,0.095322927193982
812,811,56,206438400.000000000000000,0.095652026523437
813,812,64,235929600.000000000000000,0.085875788005069
814,813,64,235929600.000000000000000,0.086237902287394
815,814,64,235929600.000000000000000,0.086685325135477
816,815,56,206438400.000000000000000,0.087124428578785
817,816,64,235929600.000000000000000,0.087845374480821
818,817,64,235929600.000000000000000,0.088931723264977
819,818,64,235929600.000000000000000,0.090253504691646
820,819,64,235929600.000000000000000,0.091620714636520
821,820,56,206438400.000000000000000,0.092654961028269
822,821,64,235929600.000000000000000,0.093865257920697
823,822,64,235929600.000000000000000,0.094848370994441
824,823,64,235929600.000000000000000,0.094832176575437
825,824,64,235929600.000000000000000,0.094343587406911
826,825,56,206438400.000000000000000,0.094606763550213
827,826,64,235929600.000000000000000,0.084411919699050
828,827,64,235929600.000000000000000,0.085588912013918
829,828,64,235929600.000000000000000,0.086467489134520
830,829,64,235929600.000000000000000,0.087438963702880
831,830,56,206438400.000000000000000,0.088312583044171
832,831,64,235929600.000000000000000,0.088274473324418
833,832,64,235929600.000000000000000,0.089081279933453
834,833,64,235929600.000000000000000,0.090767570538446
835,834,64,235929600.000000000000000,0.092389932833612
836,835,56,206438400.000000000000000,0.093426781573466
837,836,64,235929600.000000000000000,0.094206946436316
838,837,64,235929600.000000000000000,0.094520083279349
839,838,64,235929600.000000000000000,0.094398862565868
840,839,64,235929600.000000000000000,0.094142073648982
841,840,64,235929600.000000000000000,0.083778412779793
842,841,64,235929600.000000000000000,0.085051498259418
843,842,64,235929600.000000000000000,0.086356349173002
844,843,64,235929600.000000000000000,0.087193636572920
845,844,56,206438400.000000000000000,0.087583896570972
846,845,64,235929600.000000000000000,0.087672292953357
847,846,64,235929600.000000000000000,0.089223152725026
848,847,64,235929600.000000000000000,0.091402798774652
849,848,64,235929600.000000000000000,0.093136665062048
850,849,56,206438400.000000000000000,0.093744965935392
851,850,64,235929600.000000000000000,0.093922645086423
852,851,64,235929600.000000000000000,0.094004933373071
853,852,64,235929600.000000000000000,0.093927543726750
854,853,64,235929600.000000000000000,0.093796786735766
855,854,64,235929600.000000000000000,0.081964127952233
856,855,64,235929600.000000000000000,0.083272478193976
857,856,64,235929600.000000000000000,0.084430909715593
858,857,64,235929600.000000000000000,0.085943011217751
859,858,64,235929600.000000000000000,0.086900201975368
860,859,56,206438400.000000000000000,0.087351279599326
861,860,64,235929600.000000000000000,0.087924806983210
862,861,64,235929600.000000000000000,0.089316801400855
863,862,64,235929600.000000000000000,0.091286671347916
864,863,64,235929600.000000000000000,0.093183637596667
865,864,56,206438400.000000000000000,0.093233801158411
866,865,64,235929600.000000000000000,0.092965434654616
867,866,64,235929600.000000000000000,0.092942234245129
868,867,64,235929600.000000000000000,0.093123408616520
869,868,49,180633600.000000000000000,0.080198515130549
870,869,56,206438400.000000000000000,0.081691428752882
871,870,56,206438400.000000000000000,0.082742089937840
872,871,56,206438400.000000000000000,0.083992270619742
873,872,56,206438400.000000000000000,0.085222636083407
874,873,56,206438400.000000000000000,0.086688912207527
875,874,49,180633600.000000000000000,0.087410401628942
876,875,56,206438400.000000000000000,0.088012495477285
877,876,56,206438400.000000000000000,0.088888714223036
878,877,56,206438400.000000000000000,0.090302873668926
879,878,56,206438400.000000000000000,0.091490012194429
880,879,49,180633600.000000000000000,0.091746500256110
881,880,56,206438400.000000000000000,0.091371772012540
882,881,56,206438400.000000000000000,0.091382567637733
883,882,56,206438400.000000000000000,0.079947557167283
884,883,64,235929600.000000000000000,0.081366442958824
885,884,64,235929600.000000000000000,0.082258830661885
886,885,64,235929600.000000000000000,0.083502306370065
887,886,64,235929600.000000000000000,0.084294442436658
888,887,64,235929600.000000000000000,0.085233665420674
889,888,56,206438400.000000000000000,0.086554522892194
890,889,64,235929600.000000000000000,0.087156997644342
891,890,64,235929600.000000000000000,0.087889178073965
892,891,64,235929600.000000000000000,0.088731681578793
893,892,64,235929600.000000000000000,0.089193391148001
894,893,56,206438400.000000000000000,0.089073909180505
895,894,64,235929600.000000000000000,0.088710201438516
896,895,64,235929600.000000000000000,0.089564352412708
897,896,64,235929600.000000000000000,0.078557905508205
898,897,56,206438400.000000000000000,0.079779492691159
899,898,64,235929600.000000000000000,0.080574154271744
900,899,64,235929600.000000000000000,0.081259521655738
901,900,64,235929600.000000000000000,0.082350105163641
902,901,64,235929600.000000000000000,0.083493940532207
903,902,64,235929600.000000000000000,0.084596796892583
904,903,56,206438400.000000000000000,0.085474293678999
905,904,64,235929600.000000000000000,0.086247235303745
906,905,64,235929600.000000000000000,0.086811071028933
907,906,64,235929600.000000000000000,0.087091888650320
908,907,64,235929600.000000000000000,0.087033401359804
909,908,56,206438400.000000000000000,0.086478320083448
910,909,64,235929600.000000000000000,0.086033870233223
911,910,64,235929600.000000000000000,0.078481704113074
912,911,56,206438400.000000000000000,0.079065029642412
913,912,64,235929600.000000000000000,0.079666673555039
914,913,64,235929600.000000000000000,0.080535841989331
915,914,64,235929600.000000000000000,0.081485044676811
916,915,64,235929600.000000000000000,0.082694318727590
917,916,64,235929600.000000000000000,0.083925935323350
918,917,56,206438400.000000000000000,0.084934835189155
919,918,64,235929600.000000000000000,0.085563953965902
920,919,64,235929600.000000000000000,0.085925684543326
921,920,64,235929600.000000000000000,0.085879084537737
922,921,64,235929600.000000000000000,0.085594594944268
923,922,56,206438400.000000000000000,0.085364733423506
924,923,64,235929600.000000000000000,0.077343119541183
925,924,64,235929600.000000000000000,0.077751620090567
926,925,56,206438400.000000000000000,0.078228477787759
927,926,64,235929600.000000000000000,0.078978331643157
928,927,64,235929600.000000000000000,0.079763868707232
929,928,64,235929600.000000000000000,0.080632740980946
930,929,64,235929600.000000000000000,0.081820067483932
931,930,64,235929600.000000000000000,0.083092684275471
932,931,56,206438400.000000000000000,0.084255734059427
933,932,64,235929600.000000000000000,0.085075714276172
934,933,64,235929600.000000000000000,0.085321987979114
935,934,64,235929600.000000000000000,0.085022120387293
936,935,64,235929600.000000000000000,0.084862772026099
937,936,64,235929600.000000000000000,0.076129191205837
938,937,64,235929600.000000000000000,0.077015693183057
939,938,64,235929600.000000000000000,0.077132308389992
940,939,56,206438400.000000000000000,0.077609769866935
941,940,64,235929600.000000000000000,0.078205301775597
942,941,64,235929600.000000000000000,0.078776205074973
943,942,64,235929600.000000000000000,0.079670283710584
944,943,64,235929600.000000000000000,0.080816489411518
945,944,64,235929600.000000000000000,0.082040149020031
946,945,56,206438400.000000000000000,0.083294100793345
947,946,64,235929600.000000000000000,0.084395270911045
948,947,64,235929600.000000000000000,0.084488734952174
949,948,64,235929600.000000000000000,0.084543204284273
950,949,64,235929600.000000000000000,0.084618292748928
951,950,56,206438400.000000000000000,0.076097336863833
952,951,56,206438400.000000000000000,0.076829774704363
953,952,56,206438400.000000000000000,0.076898655055889
954,953,49,180633600.000000000000000,0.077107333103005
955,954,56,206438400.000000000000000,0.077414840858962
956,955,56,206438400.000000000000000,0.077836692200175
957,956,56,206438400.000000000000000,0.078656289992588
958,957,56,206438400.000000000000000,0.079672332320895
959,958,56,206438400.000000000000000,0.080823976679572
960,959,49,180633600.000000000000000,0.081900737571473
961,960,56,206438400.000000000000000,0.082678520918957
962,961,56,206438400.000000000000000,0.083098568554435
963,962,56,206438400.000000000000000,0.083978990092874
964,963,64,235929600.000000000000000,0.075537980650552
965,964,64,235929600.000000000000000,0.076213918509893
966,965,64,235929600.000000000000000,0.076766941463575
967,966,64,235929600.000000000000000,0.076750611071475
968,967,56,206438400.000000000000000,0.076669743816767
969,968,64,235929600.000000000000000,0.076621693093330
970,969,64,235929600.000000000000000,0.076862873276696
971,970,64,235929600.000000000000000,0.077476268401369
972,971,64,235929600.000000000000000,0.078450850094669
973,972,64,235929600.000000000000000,0.079568900400773
974,973,56,206438400.000000000000000,0.080548985062965
975,974,64,235929600.000000000000000,0.081210066447966
976,975,64,235929600.000000000000000,0.081822718260810
977,976,32,117964800.000000000000000,0.075099848909304
978,977,64,235929600.000000000000000,0.075535849086009
979,978,64,235929600.000000000000000,0.076539272093214
980,979,64,235929600.000000000000000,0.076744795893319
981,980,64,235929600.000000000000000,0.076681506703608
982,981,56,206438400.000000000000000,0.076197196197297
983,982,64,235929600.000000000000000,0.075682862196118
984,983,64,235929600.000000000000000,0.075564014492556
985,984,64,235929600.000000000000000,0.076118889381178
986,985,64,235929600.000000000000000,0.077172544668429
987,986,64,235929600.000000000000000,0.078395029180683
988,987,56,206438400.000000000000000,0.079522734640964
989,988,64,235929600.000000000000000,0.080600219429471
990,989,32,117964800.000000000000000,0.074972003931180
991,990,64,235929600.000000000000000,0.075960496789776
992,991,64,235929600.000000000000000,0.076393096940592
993,992,64,235929600.000000000000000,0.076579737826250
994,993,64,235929600.000000000000000,0.076556047308259
995,994,56,206438400.000000000000000,0.075587671649243
996,995,64,235929600.000000000000000,0.074558516731486
997,996,64,235929600.000000000000000,0.074027301860042
998,997,64,235929600.000000000000000,0.074736641487107
999,998,64,235929600.000000000000000,0.076043269364163
1000,999,64,235929600.000000000000000,0.077454095124267
1001,1000,56,206438400.000000000000000,0.078797967439251
1002,1001,64,235929600.000000000000000,0.080203385325149
1003,1002,32,117964800.000000000000000,0.075640711234882
1004,1003,64,235929600.000000000000000,0.075977541157044
1005,1004,64,235929600.000000000000000,0.076021093525924
1006,1005,64,235929600.000000000000000,0.076007052208297
1007,1006,64,235929600.000000000000000,0.075679372297600
1008,1007,56,206438400.000000000000000,0.074794900337500
1009,1008,64,235929600.000000000000000,0.073621384217404
1010,1009,64,235929600.000000000000000,0.072726543527097
1011,1010,64,235929600.000000000000000,0.073766404297203
1012,1011,64,235929600.000000000000000,0.075276047224179
1013,1012,64,235929600.000000000000000,0.076777957961895
1014,1013,56,206438400.000000000000000,0.078254800955100
1015,1014,16,58982400.000000000000000,0.075755770318210
1016,1015,32,117964800.000000000000000,0.075745997950435
1017,1016,32,117964800.000000000000000,0.075699603883550
1018,1017,32,117964800.000000000000000,0.075538778677583
1019,1018,32,117964800.000000000000000,0.075126404641196
1020,1019,28,103219200.000000000000000,0.074381942195552
1021,1020,32,117964800.000000000000000,0.073465401073918
1022,1021,32,117964800.000000000000000,0.072941923281178
1023,1022,32,117964800.000000000000000,0.073689232813194
1024,1023,32,117964800.000000000000000,0.075023643905297
1025,1024,32,117964800.000000000000000,0.076487242244184