<?xml version="1.0" encoding="UTF-8"?>
<metadata xml:lang="en"><Esri><CreaDate>20180215</CreaDate><CreaTime>21494400</CreaTime><ArcGISFormat>1.0</ArcGISFormat><SyncOnce>FALSE</SyncOnce><DataProperties><lineage><Process ToolSource="c:\program files (x86)\arcgis\desktop10.4\ArcToolbox\Toolboxes\Data Management Tools.tbx\CalculateField" Date="20170125" Time="205146" Name="" export="">CalculateField midAtlantic_studyArea_fishnet15k_studyArea_hwyDens_pop3_water_develop_forest_I95_cities_states_EPA training [Count_] VB #</Process><Process ToolSource="c:\program files (x86)\arcgis\desktop10.4\ArcToolbox\Toolboxes\Data Management Tools.tbx\CalculateField" Date="20170125" Time="205303" Name="" export="">CalculateField midAtlantic_studyArea_fishnet15k_studyArea_hwyDens_pop3_water_develop_forest_I95_cities_states_EPA training 1 VB #</Process><Process ToolSource="c:\program files (x86)\arcgis\desktop10.4\ArcToolbox\Toolboxes\Data Management Tools.tbx\CalculateField" Date="20170125" Time="205914" Name="" export="">CalculateField midAtlantic_studyArea_fishnet15k_studyArea_hwyDens_pop3_water_develop_forest_I95_cities_states_EPA ozoneMean [Avg_Arithm] VB #</Process><Process ToolSource="c:\program files (x86)\arcgis\desktop10.4\ArcToolbox\Toolboxes\Data Management Tools.tbx\CalculateField" Date="20170125" Time="205943" Name="" export="">CalculateField midAtlantic_studyArea_fishnet15k_studyArea_hwyDens_pop3_water_develop_forest_I95_cities_states_EPA ozoneSD [Avg_Arit_1] VB #</Process><Process ToolSource="c:\program files (x86)\arcgis\desktop10.4\ArcToolbox\Toolboxes\Data Management Tools.tbx\CalculateField" Date="20170125" Time="210016" Name="" export="">CalculateField midAtlantic_studyArea_fishnet15k_studyArea_hwyDens_pop3_water_develop_forest_I95_cities_states_EPA ozoneHigh [Avg_X1st_M] VB #</Process><Process ToolSource="c:\program files (x86)\arcgis\desktop10.4\ArcToolbox\Toolboxes\Data Management Tools.tbx\DeleteField" Date="20170125" Time="210200" Name="" export="">DeleteField midAtlantic_studyArea_fishnet15k_studyArea_hwyDens_pop3_water_develop_forest_I95_cities_states_EPA FID_1;Count_;Avg_Field1;Avg_County;Avg_Site_N;Avg_Parame;Avg_POC;Avg_Latitu;Avg_Longit;Avg_Year;Avg_Observ;Avg_Obse_1;Avg_Valid_;Avg_Requir;Avg_Except;Avg_Null_D;Avg_Primar;Avg_Second;Avg_Num_Ob;Avg_Arithm;Avg_Arit_1;Avg_X1st_M;Avg_X2nd_M;Avg_X3rd_M;Avg_X4th_M;Avg_X99th_;Avg_X98th_;Avg_X95th_;Avg_X90th_;Avg_X75th_;Avg_X50th_;Avg_X10th_</Process></lineage><itemProps><itemLocation><linkage Sync="TRUE">file://\\KENNETHSTEIF-PC\C$\Users\kennethsteif\Desktop\Spring_2019\landUseModeling\inClassDemos\wk6_airPollution\Mid_Atlantic_EPA_Dataset.shp</linkage><protocol Sync="TRUE">Local Area Network</protocol></itemLocation><itemName Sync="TRUE">Mid_Atlantic_EPA_Dataset</itemName><imsContentType Sync="TRUE">002</imsContentType><nativeExtBox><westBL Sync="TRUE">-8626063.851953</westBL><eastBL Sync="TRUE">-8071063.851953</eastBL><southBL Sync="TRUE">4647632.308357</southBL><northBL Sync="TRUE">5142632.308357</northBL><exTypeCode Sync="TRUE">1</exTypeCode></nativeExtBox><itemSize Sync="TRUE">0.133</itemSize></itemProps><copyHistory><copy source="C:\Users\kennethsteif\Desktop\spring_2017\LandUse_EnvModeling\inClassDemos\wk3_airPollution\Mid_Atlantic_EPA_Dataset" dest="\\KENNETHSTEIF-PC\C$\Users\kennethsteif\Desktop\Spring_2018\LandUseEnvModeling\inClassDemos\wk6_airPollution\Mid_Atlantic_EPA_Dataset" date="20180215" time="21494400"/></copyHistory><coordRef><type Sync="TRUE">Projected</type><geogcsn Sync="TRUE">GCS_WGS_1984</geogcsn><csUnits Sync="TRUE">Linear Unit: Meter (1.000000)</csUnits><projcsn Sync="TRUE">WGS_1984_Web_Mercator_Auxiliary_Sphere</projcsn><peXml Sync="TRUE">&lt;ProjectedCoordinateSystem xsi:type='typens:ProjectedCoordinateSystem' xmlns:xsi='http://www.w3.org/2001/XMLSchema-instance' xmlns:xs='http://www.w3.org/2001/XMLSchema' xmlns:typens='http://www.esri.com/schemas/ArcGIS/10.4'&gt;&lt;WKT&gt;PROJCS[&amp;quot;WGS_1984_Web_Mercator_Auxiliary_Sphere&amp;quot;,GEOGCS[&amp;quot;GCS_WGS_1984&amp;quot;,DATUM[&amp;quot;D_WGS_1984&amp;quot;,SPHEROID[&amp;quot;WGS_1984&amp;quot;,6378137.0,298.257223563]],PRIMEM[&amp;quot;Greenwich&amp;quot;,0.0],UNIT[&amp;quot;Degree&amp;quot;,0.0174532925199433]],PROJECTION[&amp;quot;Mercator_Auxiliary_Sphere&amp;quot;],PARAMETER[&amp;quot;False_Easting&amp;quot;,0.0],PARAMETER[&amp;quot;False_Northing&amp;quot;,0.0],PARAMETER[&amp;quot;Central_Meridian&amp;quot;,0.0],PARAMETER[&amp;quot;Standard_Parallel_1&amp;quot;,0.0],PARAMETER[&amp;quot;Auxiliary_Sphere_Type&amp;quot;,0.0],UNIT[&amp;quot;Meter&amp;quot;,1.0],AUTHORITY[&amp;quot;EPSG&amp;quot;,3857]]&lt;/WKT&gt;&lt;XOrigin&gt;-20037700&lt;/XOrigin&gt;&lt;YOrigin&gt;-30241100&lt;/YOrigin&gt;&lt;XYScale&gt;148923141.92838538&lt;/XYScale&gt;&lt;ZOrigin&gt;-100000&lt;/ZOrigin&gt;&lt;ZScale&gt;10000&lt;/ZScale&gt;&lt;MOrigin&gt;-100000&lt;/MOrigin&gt;&lt;MScale&gt;10000&lt;/MScale&gt;&lt;XYTolerance&gt;0.001&lt;/XYTolerance&gt;&lt;ZTolerance&gt;0.001&lt;/ZTolerance&gt;&lt;MTolerance&gt;0.001&lt;/MTolerance&gt;&lt;HighPrecision&gt;true&lt;/HighPrecision&gt;&lt;WKID&gt;102100&lt;/WKID&gt;&lt;LatestWKID&gt;3857&lt;/LatestWKID&gt;&lt;/ProjectedCoordinateSystem&gt;</peXml></coordRef></DataProperties><SyncDate>20190219</SyncDate><SyncTime>21333000</SyncTime><ModDate>20190219</ModDate><ModTime>21333000</ModTime><scaleRange><minScale>150000000</minScale><maxScale>5000</maxScale></scaleRange><ArcGISProfile>ItemDescription</ArcGISProfile></Esri><dataIdInfo><envirDesc Sync="TRUE"> Version 6.2 (Build 9200) ; Esri ArcGIS 10.4.0.5524</envirDesc><dataLang><languageCode value="eng" Sync="TRUE"/><countryCode value="USA" Sync="TRUE"/></dataLang><idCitation><resTitle Sync="TRUE">Mid_Atlantic_EPA_Dataset</resTitle><presForm><PresFormCd value="005" Sync="TRUE"/></presForm></idCitation><spatRpType><SpatRepTypCd value="001" Sync="TRUE"/></spatRpType><dataExt><geoEle xmlns=""><GeoBndBox esriExtentType="search"><exTypeCode Sync="TRUE">1</exTypeCode><westBL Sync="TRUE">-77.489250</westBL><eastBL Sync="TRUE">-72.503600</eastBL><northBL Sync="TRUE">41.877401</northBL><southBL Sync="TRUE">38.481230</southBL></GeoBndBox></geoEle></dataExt><idAbs>&lt;DIV STYLE="text-align:Left;"&gt;&lt;DIV&gt;&lt;DIV&gt;&lt;P&gt;&lt;SPAN&gt;Here is a run down of the variables:&lt;/SPAN&gt;&lt;/P&gt;&lt;P&gt;&lt;SPAN&gt;HwyDensity - Comes from a line density raster of all highways in the study area&lt;/SPAN&gt;&lt;/P&gt;&lt;P&gt;&lt;SPAN&gt;distWater - Euclidean distance to water&lt;/SPAN&gt;&lt;/P&gt;&lt;P&gt;&lt;SPAN&gt;sumDevelop - the amount of developed land&lt;/SPAN&gt;&lt;/P&gt;&lt;P&gt;&lt;SPAN&gt;sumForest - the amount of forest land&lt;/SPAN&gt;&lt;/P&gt;&lt;P&gt;&lt;SPAN&gt;distI95 - euclidean distance to I95 highwya&lt;/SPAN&gt;&lt;/P&gt;&lt;P&gt;&lt;SPAN&gt;Population - population from census tracts&lt;/SPAN&gt;&lt;/P&gt;&lt;P&gt;&lt;SPAN&gt;distCities - distance to the closest of Hartford, New York, Philadelphia, Baltimore or Washington DC&lt;/SPAN&gt;&lt;/P&gt;&lt;P&gt;&lt;SPAN&gt;training - Whether there was an actual ozone sensor in that area&lt;/SPAN&gt;&lt;/P&gt;&lt;P&gt;&lt;SPAN&gt;ozoneMean - mean ozone level in 2016&lt;/SPAN&gt;&lt;/P&gt;&lt;P&gt;&lt;SPAN&gt;ozoneSD - standard deviation of ozone in 2016&lt;/SPAN&gt;&lt;/P&gt;&lt;P&gt;&lt;SPAN&gt;ozoneHigh - Highest level of ozone in 2016&lt;/SPAN&gt;&lt;/P&gt;&lt;P&gt;&lt;SPAN&gt;More info on the EPA data here under "Annual Summary FIles" https://aqsdr1.epa.gov/aqsweb/aqstmp/airdata/FileFormats.html#_content_3&lt;/SPAN&gt;&lt;/P&gt;&lt;/DIV&gt;&lt;/DIV&gt;&lt;/DIV&gt;</idAbs></dataIdInfo><mdLang><languageCode value="eng" Sync="TRUE"/><countryCode value="USA" Sync="TRUE"/></mdLang><mdChar><CharSetCd value="004" Sync="TRUE"/></mdChar><distInfo><distFormat><formatName Sync="TRUE">Shapefile</formatName></distFormat><distTranOps><transSize Sync="TRUE">0.133</transSize></distTranOps></distInfo><mdHrLv><ScopeCd value="005" Sync="TRUE"/></mdHrLv><mdHrLvName Sync="TRUE">dataset</mdHrLvName><refSysInfo><RefSystem><refSysID><identCode code="3857" Sync="TRUE"/><idCodeSpace Sync="TRUE">EPSG</idCodeSpace><idVersion Sync="TRUE">8.8(9.3.1.2)</idVersion></refSysID></RefSystem></refSysInfo><spatRepInfo><VectSpatRep><geometObjs Name="Mid_Atlantic_EPA_Dataset"><geoObjTyp><GeoObjTypCd value="002" Sync="TRUE"></GeoObjTypCd></geoObjTyp><geoObjCnt Sync="TRUE">1025</geoObjCnt></geometObjs><topLvl><TopoLevCd value="001" Sync="TRUE"></TopoLevCd></topLvl></VectSpatRep></spatRepInfo><spdoinfo><ptvctinf><esriterm Name="Mid_Atlantic_EPA_Dataset"><efeatyp Sync="TRUE">Simple</efeatyp><efeageom code="4" Sync="TRUE"></efeageom><esritopo Sync="TRUE">FALSE</esritopo><efeacnt Sync="TRUE">1025</efeacnt><spindex Sync="TRUE">TRUE</spindex><linrefer Sync="TRUE">FALSE</linrefer></esriterm></ptvctinf></spdoinfo><eainfo><detailed Name="Mid_Atlantic_EPA_Dataset"><enttyp><enttypl Sync="TRUE">Mid_Atlantic_EPA_Dataset</enttypl><enttypt Sync="TRUE">Feature Class</enttypt><enttypc Sync="TRUE">1025</enttypc></enttyp><attr><attrlabl Sync="TRUE">FID</attrlabl><attalias Sync="TRUE">FID</attalias><attrtype Sync="TRUE">OID</attrtype><attwidth Sync="TRUE">4</attwidth><atprecis Sync="TRUE">0</atprecis><attscale Sync="TRUE">0</attscale><attrdef Sync="TRUE">Internal feature number.</attrdef><attrdefs Sync="TRUE">Esri</attrdefs><attrdomv><udom Sync="TRUE">Sequential unique whole numbers that are automatically generated.</udom></attrdomv></attr><attr><attrlabl Sync="TRUE">Shape</attrlabl><attalias Sync="TRUE">Shape</attalias><attrtype Sync="TRUE">Geometry</attrtype><attwidth Sync="TRUE">0</attwidth><atprecis Sync="TRUE">0</atprecis><attscale Sync="TRUE">0</attscale><attrdef Sync="TRUE">Feature geometry.</attrdef><attrdefs Sync="TRUE">Esri</attrdefs><attrdomv><udom Sync="TRUE">Coordinates defining the features.</udom></attrdomv></attr><attr><attrlabl Sync="TRUE">Id</attrlabl><attalias Sync="TRUE">Id</attalias><attrtype Sync="TRUE">Integer</attrtype><attwidth Sync="TRUE">10</attwidth><atprecis Sync="TRUE">10</atprecis><attscale Sync="TRUE">0</attscale></attr><attr><attrlabl Sync="TRUE">HwyDensity</attrlabl><attalias Sync="TRUE">HwyDensity</attalias><attrtype Sync="TRUE">Single</attrtype><attwidth Sync="TRUE">13</attwidth><atprecis Sync="TRUE">0</atprecis><attscale Sync="TRUE">0</attscale></attr><attr><attrlabl Sync="TRUE">distWater</attrlabl><attalias Sync="TRUE">distWater</attalias><attrtype Sync="TRUE">Integer</attrtype><attwidth Sync="TRUE">10</attwidth><atprecis Sync="TRUE">10</atprecis><attscale Sync="TRUE">0</attscale></attr><attr><attrlabl Sync="TRUE">sumDevelop</attrlabl><attalias Sync="TRUE">sumDevelop</attalias><attrtype Sync="TRUE">Double</attrtype><attwidth Sync="TRUE">19</attwidth><atprecis Sync="TRUE">0</atprecis><attscale Sync="TRUE">0</attscale></attr><attr><attrlabl Sync="TRUE">sumForest</attrlabl><attalias Sync="TRUE">sumForest</attalias><attrtype Sync="TRUE">Double</attrtype><attwidth Sync="TRUE">19</attwidth><atprecis Sync="TRUE">0</atprecis><attscale Sync="TRUE">0</attscale></attr><attr><attrlabl Sync="TRUE">distI95</attrlabl><attalias Sync="TRUE">distI95</attalias><attrtype Sync="TRUE">Double</attrtype><attwidth Sync="TRUE">19</attwidth><atprecis Sync="TRUE">0</atprecis><attscale Sync="TRUE">0</attscale></attr><attr><attrlabl Sync="TRUE">Population</attrlabl><attalias Sync="TRUE">Population</attalias><attrtype Sync="TRUE">Double</attrtype><attwidth Sync="TRUE">19</attwidth><atprecis Sync="TRUE">0</atprecis><attscale Sync="TRUE">0</attscale></attr><attr><attrlabl Sync="TRUE">distCities</attrlabl><attalias Sync="TRUE">distCities</attalias><attrtype Sync="TRUE">Integer</attrtype><attwidth Sync="TRUE">10</attwidth><atprecis Sync="TRUE">10</atprecis><attscale Sync="TRUE">0</attscale></attr><attr><attrlabl Sync="TRUE">training</attrlabl><attalias Sync="TRUE">training</attalias><attrtype Sync="TRUE">Integer</attrtype><attwidth Sync="TRUE">10</attwidth><atprecis Sync="TRUE">10</atprecis><attscale Sync="TRUE">0</attscale></attr><attr><attrlabl Sync="TRUE">ozoneMean</attrlabl><attalias Sync="TRUE">ozoneMean</attalias><attrtype Sync="TRUE">Single</attrtype><attwidth Sync="TRUE">13</attwidth><atprecis Sync="TRUE">0</atprecis><attscale Sync="TRUE">0</attscale></attr><attr><attrlabl Sync="TRUE">ozoneSD</attrlabl><attalias Sync="TRUE">ozoneSD</attalias><attrtype Sync="TRUE">Single</attrtype><attwidth Sync="TRUE">13</attwidth><atprecis Sync="TRUE">0</atprecis><attscale Sync="TRUE">0</attscale></attr><attr><attrlabl Sync="TRUE">ozoneHigh</attrlabl><attalias Sync="TRUE">ozoneHigh</attalias><attrtype Sync="TRUE">Single</attrtype><attwidth Sync="TRUE">13</attwidth><atprecis Sync="TRUE">0</atprecis><attscale Sync="TRUE">0</attscale></attr></detailed></eainfo><mdDateSt Sync="TRUE">20190219</mdDateSt></metadata>
