<?xml version="1.0" encoding="UTF-8"?>
<metadata xml:lang="en"><Esri><CreaDate>20170119</CreaDate><CreaTime>20520000</CreaTime><ArcGISFormat>1.0</ArcGISFormat><SyncOnce>TRUE</SyncOnce><DataProperties><lineage><Process ToolSource="c:\program files (x86)\arcgis\desktop10.4\ArcToolbox\Toolboxes\Spatial Analyst Tools.tbx\ExtractByMask" Date="20170116" Time="121707">ExtractByMask phl_lulc_1992 county C:\Users\kennethsteif\Desktop\spring_2017\LandUse_EnvModeling\z_scratch\fragstats\cc92</Process></lineage><itemProps><itemLocation><linkage Sync="TRUE">file://\\KENNETHSTEIF-PC\C$\Users\kennethsteif\Desktop\spring_2017\LandUse_EnvModeling\inClassDemos\wk2_Fragstats\cc92</linkage><protocol Sync="TRUE">Local Area Network</protocol></itemLocation></itemProps><copyHistory><copy source="C:\Users\kennethsteif\Desktop\spring_2017\LandUse_EnvModeling\z_scratch\fragstats\cc92" dest="\\KENNETHSTEIF-PC\C$\Users\kennethsteif\Desktop\spring_2017\LandUse_EnvModeling\inClassDemos\wk2_Fragstats\cc92" date="20170119" time="20520000"></copy></copyHistory></DataProperties></Esri></metadata>
