<?xml version="1.0" encoding="UTF-8"?>
<metadata xml:lang="en"><Esri><CreaDate>20190411</CreaDate><CreaTime>21344400</CreaTime><ArcGISFormat>1.0</ArcGISFormat><SyncOnce>TRUE</SyncOnce><DataProperties><lineage><Process ToolSource="c:\program files (x86)\arcgis\desktop10.0\ArcToolbox\Toolboxes\Data Management Tools.tbx\CalculateField" Date="20130903" Time="132200">CalculateField top_100_MSAs pop2010 [POP10] VB #</Process></lineage><itemProps><itemLocation><linkage Sync="TRUE">file://\\KENNETHSTEIF-PC\C$\Users\kennethsteif\Desktop\spring_2017\theBook\sprawlChapter\data\UGB_Chapter_data\houston_MSA</linkage><protocol Sync="TRUE">Local Area Network</protocol></itemLocation></itemProps><copyHistory><copy source="C:\Users\kennethsteif\Desktop\spring_2017\theBook\sprawlChapter\data\houston_MSA" dest="\\KENNETHSTEIF-PC\C$\Users\kennethsteif\Desktop\spring_2017\theBook\sprawlChapter\data\UGB_Chapter_data\houston_MSA" date="20190411" time="21344400"></copy></copyHistory></DataProperties></Esri></metadata>
