<?xml version="1.0" encoding="UTF-8"?>
<metadata xml:lang="en"><Esri><CreaDate>20180130</CreaDate><CreaTime>16253100</CreaTime><ArcGISFormat>1.0</ArcGISFormat><SyncOnce>TRUE</SyncOnce><DataProperties><lineage><Process ToolSource="c:\program files (x86)\arcgis\desktop10.4\ArcToolbox\Toolboxes\Spatial Analyst Tools.tbx\ExtractByMask" Date="20180130" Time="162531">ExtractByMask cedar_fill cedar_boundary E:\Work\Classes\2018\ce54900\lab4\landuse\cedar_dem</Process></lineage><itemProps><itemLocation><linkage Sync="TRUE">file://\\CIVL1101GPC1\E\Work\Classes\2018\ce54900\lab4\data\cedar_dem</linkage><protocol Sync="TRUE">Local Area Network</protocol></itemLocation></itemProps><copyHistory><copy source="E:\Work\Classes\2018\ce54900\lab4\landuse\cedar_dem" dest="\\CIVL1101GPC1\E\Work\Classes\2018\ce54900\lab4\data\cedar_dem" date="20180130" time="19450800"></copy></copyHistory></DataProperties></Esri></metadata>
