<?xml version="1.0" encoding="UTF-8"?>
<metadata xml:lang="en"><Esri><CreaDate>20180130</CreaDate><CreaTime>16225200</CreaTime><ArcGISFormat>1.0</ArcGISFormat><SyncOnce>TRUE</SyncOnce><DataProperties><lineage><Process ToolSource="c:\program files (x86)\arcgis\desktop10.4\ArcToolbox\Toolboxes\Spatial Analyst Tools.tbx\ExtractByMask" Date="20180130" Time="162252">ExtractByMask cedar_lu2 cedar_boundary E:\Work\Classes\2018\ce54900\lab4\landuse\cedar_lu</Process></lineage><itemProps><itemLocation><linkage Sync="TRUE">file://\\CIVL1101GPC1\E\Work\Classes\2018\ce54900\lab4\data\cedar_lu</linkage><protocol Sync="TRUE">Local Area Network</protocol></itemLocation></itemProps><copyHistory><copy source="E:\Work\Classes\2018\ce54900\lab4\landuse\cedar_lu" dest="\\CIVL1101GPC1\E\Work\Classes\2018\ce54900\lab4\data\cedar_lu" date="20180130" time="19450400"></copy></copyHistory></DataProperties></Esri></metadata>
