<PAMDataset>
  <Metadata>
    <MDI key="DataType">Generic</MDI>
  </Metadata>
  <Metadata domain="Esri">
    <MDI key="PyramidResamplingType">NEAREST</MDI>
  </Metadata>
  <PAMRasterBand band="1">
    <Histograms>
      <HistItem>
        <HistMin>-0.5</HistMin>
        <HistMax>95.5</HistMax>
        <BucketCount>96</BucketCount>
        <IncludeOutOfRange>1</IncludeOutOfRange>
        <Approximate>0</Approximate>
        <HistCounts>92|0|0|0|0|0|0|0|0|0|0|1937|0|0|0|0|0|0|0|0|0|1229|963|691|327|0|0|0|0|0|0|103|0|0|0|0|0|0|0|0|0|586|1285|863|0|0|0|0|0|0|0|0|715|0|0|0|0|0|0|0|0|0|0|0|0|0|0|0|0|0|0|667|0|0|0|0|0|0|0|0|0|3831|1244|0|0|0|0|0|0|0|2060|0|0|0|0|998</HistCounts>
      </HistItem>
    </Histograms>
    <Metadata>
      <MDI key="RepresentationType">THEMATIC</MDI>
      <MDI key="STATISTICS_COVARIANCES">898.6252072024143</MDI>
      <MDI key="STATISTICS_MAXIMUM">95</MDI>
      <MDI key="STATISTICS_MEAN">56.131373998067</MDI>
      <MDI key="STATISTICS_MINIMUM">0</MDI>
      <MDI key="STATISTICS_SKIPFACTORX">1</MDI>
      <MDI key="STATISTICS_SKIPFACTORY">1</MDI>
      <MDI key="STATISTICS_STDDEV">29.977078029762</MDI>
    </Metadata>
  </PAMRasterBand>
</PAMDataset>
