<?xml version="1.0" encoding="UTF-8"?>
<metadata xml:lang="en"><Esri><CreaDate>20190411</CreaDate><CreaTime>21351300</CreaTime><ArcGISFormat>1.0</ArcGISFormat><SyncOnce>TRUE</SyncOnce><DataProperties><itemProps><itemLocation><linkage Sync="TRUE">file://\\KENNETHSTEIF-PC\C$\Users\kennethsteif\Desktop\spring_2017\theBook\sprawlChapter\data\UGB_Chapter_data\lc_2001_4k.tif</linkage><protocol Sync="TRUE">Local Area Network</protocol></itemLocation></itemProps><copyHistory><copy source="C:\Users\kennethsteif\Desktop\spring_2017\theBook\sprawlChapter\data\lc_2001_4k.tif" dest="\\KENNETHSTEIF-PC\C$\Users\kennethsteif\Desktop\spring_2017\theBook\sprawlChapter\data\UGB_Chapter_data\lc_2001_4k.tif" date="20190411" time="21351300"></copy></copyHistory></DataProperties></Esri></metadata>
