<?xml version="1.0" encoding="UTF-8"?><MD_Metadata xmlns:gts="http://www.isotc211.org/2005/gts" xmlns:gco="http://www.isotc211.org/2005/gco" xmlns:xalan="http://xml.apache.org/xalan" xmlns:srv="http://www.isotc211.org/2005/srv" xmlns:gmx="http://www.isotc211.org/2005/gmx" xmlns:xlink="http://www.w3.org/1999/xlink" xmlns:xsi="http://www.w3.org/2001/XMLSchema-instance" xmlns:gml="http://www.opengis.net/gml" xmlns="http://www.isotc211.org/2005/gmd">
    <characterSet>
        <MD_CharacterSetCode codeList="http://www.isotc211.org/2005/resources/Codelist/gmxCodelists.xml#MD_CharacterSetCode" codeListValue="utf8" codeSpace="ISOTC211/19115">utf8</MD_CharacterSetCode>
    </characterSet>
    <hierarchyLevel>
        <MD_ScopeCode codeList="http://www.isotc211.org/2005/resources/Codelist/gmxCodelists.xml#MD_ScopeCode" codeListValue="dataset" codeSpace="ISOTC211/19115">dataset</MD_ScopeCode>
    </hierarchyLevel>
    <hierarchyLevelName>
        <gco:CharacterString>dataset</gco:CharacterString>
    </hierarchyLevelName>
    <contact gco:nilReason="missing"/>
    <dateStamp gco:nilReason="missing"/>
    <metadataStandardName>
        <gco:CharacterString>ISO 19139 Geographic Information - Metadata - Implementation Specification</gco:CharacterString>
    </metadataStandardName>
    <metadataStandardVersion>
        <gco:CharacterString>2007</gco:CharacterString>
    </metadataStandardVersion>
    <identificationInfo>
        <MD_DataIdentification>
            <citation>
                <CI_Citation>
                    <title>
                        <gco:CharacterString>PPR_Tree_Inventory_2021</gco:CharacterString>
                    </title>
                    <date gco:nilReason="missing"/>
                </CI_Citation>
            </citation>
            <abstract gco:nilReason="missing"/>
            <purpose>
                <gco:CharacterString>Locations of trees that Philadelphia Parks and Recreation (PPR) inventories within the limits of the City of Philadelphia. This dataset is a snapshot in time.</gco:CharacterString>
            </purpose>
            <descriptiveKeywords>
                <MD_Keywords>
                    <keyword>
                        <gco:CharacterString>City of Philadelphia</gco:CharacterString>
                    </keyword>
                    <keyword>
                        <gco:CharacterString>Philadelphia Parks &amp; Recreation</gco:CharacterString>
                    </keyword>
                    <keyword>
                        <gco:CharacterString>Parks and Recreation</gco:CharacterString>
                    </keyword>
                    <keyword>
                        <gco:CharacterString>PPR</gco:CharacterString>
                    </keyword>
                    <keyword>
                        <gco:CharacterString>Trees</gco:CharacterString>
                    </keyword>
                    <keyword>
                        <gco:CharacterString>Urban Forestry</gco:CharacterString>
                    </keyword>
                </MD_Keywords>
            </descriptiveKeywords>
            <descriptiveKeywords>
                <MD_Keywords>
                    <keyword>
                        <gco:CharacterString>City of Philadelphia</gco:CharacterString>
                    </keyword>
                    <keyword>
                        <gco:CharacterString>Philadelphia Parks &amp; Recreation</gco:CharacterString>
                    </keyword>
                    <keyword>
                        <gco:CharacterString>Parks and Recreation</gco:CharacterString>
                    </keyword>
                    <keyword>
                        <gco:CharacterString>PPR</gco:CharacterString>
                    </keyword>
                    <keyword>
                        <gco:CharacterString>Trees</gco:CharacterString>
                    </keyword>
                    <keyword>
                        <gco:CharacterString>Urban Forestry</gco:CharacterString>
                    </keyword>
                </MD_Keywords>
            </descriptiveKeywords>
            <descriptiveKeywords>
                <MD_Keywords>
                    <keyword>
                        <gco:CharacterString>City of Philadelphia</gco:CharacterString>
                    </keyword>
                    <keyword>
                        <gco:CharacterString>Philadelphia Parks &amp; Recreation</gco:CharacterString>
                    </keyword>
                    <keyword>
                        <gco:CharacterString>Parks and Recreation</gco:CharacterString>
                    </keyword>
                    <keyword>
                        <gco:CharacterString>PPR</gco:CharacterString>
                    </keyword>
                    <keyword>
                        <gco:CharacterString>Trees</gco:CharacterString>
                    </keyword>
                    <keyword>
                        <gco:CharacterString>Urban Forestry</gco:CharacterString>
                    </keyword>
                </MD_Keywords>
            </descriptiveKeywords>
            <descriptiveKeywords>
                <MD_Keywords>
                    <keyword>
                        <gco:CharacterString>City of Philadelphia</gco:CharacterString>
                    </keyword>
                    <keyword>
                        <gco:CharacterString>Philadelphia Parks &amp; Recreation</gco:CharacterString>
                    </keyword>
                    <keyword>
                        <gco:CharacterString>Parks and Recreation</gco:CharacterString>
                    </keyword>
                    <keyword>
                        <gco:CharacterString>PPR</gco:CharacterString>
                    </keyword>
                    <keyword>
                        <gco:CharacterString>Trees</gco:CharacterString>
                    </keyword>
                    <keyword>
                        <gco:CharacterString>Urban Forestry</gco:CharacterString>
                    </keyword>
                </MD_Keywords>
            </descriptiveKeywords>
            <descriptiveKeywords>
                <MD_Keywords>
                    <keyword>
                        <gco:CharacterString>City of Philadelphia</gco:CharacterString>
                    </keyword>
                    <keyword>
                        <gco:CharacterString>Philadelphia Parks &amp; Recreation</gco:CharacterString>
                    </keyword>
                    <keyword>
                        <gco:CharacterString>Parks and Recreation</gco:CharacterString>
                    </keyword>
                    <keyword>
                        <gco:CharacterString>PPR</gco:CharacterString>
                    </keyword>
                    <keyword>
                        <gco:CharacterString>Trees</gco:CharacterString>
                    </keyword>
                    <keyword>
                        <gco:CharacterString>Urban Forestry</gco:CharacterString>
                    </keyword>
                </MD_Keywords>
            </descriptiveKeywords>
            <descriptiveKeywords>
                <MD_Keywords>
                    <keyword>
                        <gco:CharacterString>City of Philadelphia</gco:CharacterString>
                    </keyword>
                    <keyword>
                        <gco:CharacterString>Philadelphia Parks &amp; Recreation</gco:CharacterString>
                    </keyword>
                    <keyword>
                        <gco:CharacterString>Parks and Recreation</gco:CharacterString>
                    </keyword>
                    <keyword>
                        <gco:CharacterString>PPR</gco:CharacterString>
                    </keyword>
                    <keyword>
                        <gco:CharacterString>Trees</gco:CharacterString>
                    </keyword>
                    <keyword>
                        <gco:CharacterString>Urban Forestry</gco:CharacterString>
                    </keyword>
                </MD_Keywords>
            </descriptiveKeywords>
            <resourceConstraints>
                <MD_Constraints>
                    <useLimitation>
                        <gco:CharacterString>The City of Philadelphia makes no representation about the accuracy of any specific information in this GIS data and is provided “as is” and without Warranty of any kind. Boundaries are self-reported. The user of this data will assume complete responsibility for any and all occurrences resulting from its use or display and will hold the City of Philadelphia harmless from any and all claims, demands, liabilities, obligations, damages, suits, judgments or settlements, including reasonable costs and attorneys' fees, that arise from use of this data.</gco:CharacterString>
                    </useLimitation>
                </MD_Constraints>
            </resourceConstraints>
            <language gco:nilReason="missing"/>
            <characterSet>
                <MD_CharacterSetCode codeList="http://www.isotc211.org/2005/resources/Codelist/gmxCodelists.xml#MD_CharacterSetCode" codeListValue="utf8" codeSpace="ISOTC211/19115">utf8</MD_CharacterSetCode>
            </characterSet>
        </MD_DataIdentification>
    </identificationInfo>
</MD_Metadata>
