<?xml version="1.0" encoding="UTF-8"?>
<metadata xml:lang="en"><Esri><CreaDate>20170119</CreaDate><CreaTime>20520000</CreaTime><ArcGISFormat>1.0</ArcGISFormat><SyncOnce>TRUE</SyncOnce><DataProperties><itemProps><itemLocation><linkage Sync="TRUE">file://\\KENNETHSTEIF-PC\C$\Users\kennethsteif\Desktop\spring_2017\LandUse_EnvModeling\inClassDemos\wk2_Fragstats\z_extra\chestcounty_fragswithroads_11_urban_toPoints_toTowns</linkage><protocol Sync="TRUE">Local Area Network</protocol></itemLocation></itemProps><copyHistory><copy source="C:\Users\kennethsteif\Desktop\spring_2017\LandUse_EnvModeling\inClassDemos\wk2_Fragstats\chestcounty_fragswithroads_11_urban_toPoints_toTowns" dest="\\KENNETHSTEIF-PC\C$\Users\kennethsteif\Desktop\spring_2017\LandUse_EnvModeling\inClassDemos\wk2_Fragstats\z_extra\chestcounty_fragswithroads_11_urban_toPoints_toTowns" date="20170119" time="20525400"></copy></copyHistory></DataProperties></Esri></metadata>
